source,shotID,proj_mat,proj_density,proj_diam,angle,velocity,MLI_type,MLI_AD,MLI_standoff,bumper_mat,bumper_density,bumper_thick,HC_mat,HC_diam,HC_thick,HC_density,standoff,wall_mat,wall_density,wall_yield,wall_thick,result,perforated_class
-,-,-,g/cm3,cm,deg,km/s,,g/cm2,cm,-,g/cm3,cm,,cm,cm,g/cm3,cm,,g/cm3,ksi,cm,-,
Shephard_IJIE_1993,A1633,AA2017-T3,2.8,0.318,45,6.21,,,,AA6061-T6,2.7,0.0254,AA5052-H39,0.31,0.001778,2.68,1.27,AA6061-T6,2.7,40,0.0254,P,1
Shephard_IJIE_1993,A1634,AA2017-T3,2.8,0.318,60,6.37,,,,AA6061-T6,2.7,0.0254,AA5052-H39,0.31,0.001778,2.68,1.27,AA6061-T6,2.7,40,0.0254,P,1
NASA-TM-107325,1B,AA2017-T4,2.8,0.48,0,6.8,,,,AA7075-T73,2.8,0.04,AA5056-H39,0.48,0.0025,2.64,1.27,AA7075-T73,2.8,63,0.04,P,1
NASA-TM-107325,1D,AA2017-T4,2.8,0.48,0,6.72,,,,AA7075-T73,2.8,0.04,AA5052-H39,0.48,0.0025,2.64,1.27,AA7075-T73,2.8,63,0.04,P,1
NASA-TM-107325,2B,AA2017-T4,2.8,0.64,0,3.2,,,,AA7075-T73,2.8,0.04,AA5052-H39,0.48,0.0025,2.64,1.27,AA7075-T73,2.8,63,0.04,P,1
NASA-TM-107325,2D,AA2017-T4,2.8,0.48,0,3.23,,,,AA7075-T73,2.8,0.04,AA5052-H39,0.48,0.0025,2.64,1.27,AA7075-T73,2.8,63,0.04,P,1
NASA-TM-107325,3B,AA2017-T4,2.8,0.64,0,5.88,,,,AA7075-T73,2.8,0.04,AA5052-H39,0.48,0.0025,2.64,1.27,AA7075-T73,2.8,63,0.04,P,1
Frost_ECSD_1997,A-2634,AA2017-T4,2.8,0.119,0,7.04,Standard,0.63,0,M60J/954-2A,1.7,0.0254,Aluminum,0.3175,0.0025,2.78,1.5875,M60J/954-2A,1.7,,0.0254,P,1
Frost_ECSD_1997,A-2635,AA2017-T4,2.8,0.079,0,7.04,Standard,0.63,0,M60J/954-2A,1.7,0.0254,Aluminum,0.3175,0.0025,2.78,1.5875,M60J/954-2A,1.7,,0.0254,NP,0
Frost_ECSD_1997,A-2636,AA2017-T4,2.8,0.159,0,6.65,Standard,0.63,0,P100,1.7,0.0762,Aluminum,0.3175,0.0025,2.78,1.5875,P100,1.7,,0.0762,P,1
Frost_ECSD_1997,A-2637,AA2017-T4,2.8,0.119,0,6.8,Standard,0.63,0,P100,1.7,0.0762,Aluminum,0.3175,0.0025,2.78,1.5875,P100,1.7,,0.0762,NP,0
Frost_ECSD_1997,A-2675,AA2017-T4,2.8,0.119,0,7.26,Standard,0.63,0,M60J/954-2A,1.7,0.0254,Aluminum,0.3175,0.0025,2.78,1.5875,M60J/954-2A,1.7,,0.0254,P,1
Frost_ECSD_1997,A-2639,AA2017-T4,2.8,0.159,0,6.64,Standard,0.63,0,M60J/954,1.7,0.0508,Aluminum,0.3175,0.0025,2.78,0.635,M60J/954,1.7,,0.0508,P,1
Frost_ECSD_1997,A-2640,AA2017-T4,2.8,0.119,0,6.66,Standard,0.63,0,M60J/954,1.7,0.0508,Aluminum,0.3175,0.0025,2.78,0.635,M60J/954,1.7,,0.0508,P,1
Frost_ECSD_1997,A-2641,AA2017-T4,2.8,0.079,0,6.81,Standard,0.63,0,M60J/954,1.7,0.0508,Aluminum,0.3175,0.0025,2.78,0.635,M60J/954,1.7,,0.0508,NP,0
Frost_ECSD_1997,A-2642,AA2017-T4,2.8,0.238,0,6.63,Standard,0.63,0,M60J/954,1.7,0.1016,Aluminum,0.3175,0.0025,2.78,0.635,M60J/954,1.7,,0.1016,P,1
Frost_ECSD_1997,A-2643,AA2017-T4,2.8,0.198,0,6.77,Standard,0.63,0,M60J/954,1.7,0.1016,Aluminum,0.3175,0.0025,2.78,0.635,M60J/954,1.7,,0.1016,P,1
Frost_ECSD_1997,A-2644,AA2017-T4,2.8,0.159,0,6.81,Standard,0.63,0,M60J/954,1.7,0.1016,Aluminum,0.3175,0.0025,2.78,0.635,M60J/954,1.7,,0.1016,P,1
Frost_ECSD_1997,A-2676,AA2017-T4,2.8,0.079,0,7.1,Standard,0.63,0,M60J/954,1.7,0.1016,Aluminum,0.3175,0.0025,2.78,0.635,M60J/954,1.7,,0.1016,NP,0
Frost_ECSD_1997,A-2646,AA2017-T4,2.8,0.318,0,6.38,Standard,0.63,0,M60J/954,1.7,0.1524,Aluminum,0.3175,0.0025,2.78,0.635,M60J/954,1.7,,0.1524,P,1
Frost_ECSD_1997,A-2647,AA2017-T4,2.8,0.28,0,6.81,Standard,0.63,0,M60J/954,1.7,0.1524,Aluminum,0.3175,0.0025,2.78,0.635,M60J/954,1.7,,0.1524,P,1
Frost_ECSD_1997,A-2648,AA2017-T4,2.8,0.238,0,6.55,Standard,0.63,0,M60J/954,1.7,0.1524,Aluminum,0.3175,0.0025,2.78,0.635,M60J/954,1.7,,0.1524,P,1
Frost_ECSD_1997,A-2681,AA2017-T4,2.8,0.079,0,7,Standard,0.63,0,M60J/954,1.7,0.1524,Aluminum,0.3175,0.0025,2.78,0.635,M60J/954,1.7,,0.1524,NP,0
Frost_ECSD_1997,A-2673,AA2017-T4,2.8,0.079,0,7.19,Standard,0.33,0,M60J/954-3,1.7,0.0406,Aluminum,0.3175,0.0025,2.78,0.635,M60J/954-3,1.7,,0.0406,P,1
Frost_ECSD_1997,A-2674,AA2017-T4,2.8,0.04,0,7.15,Standard,0.33,0,M60J/954-3,1.7,0.0406,Aluminum,0.0254,0.0025,2.78,0.635,M60J/954-3,1.7,,0.0406,NP,0
Taylor_IMechE_1997,HC15,AA2017-T4,2.8,0.1,0,5.42,,,,HMF371-7714B,1.83,0.162,AA3003,0.635,0.006,2.73,4.5,HMF371-7714B,1.83,,0.162,NP,0
Taylor_IMechE_1997,HC16,AA2017-T4,2.8,0.12,0,4.86,,,,HMF371-7714B,1.83,0.162,AA3003,0.635,0.006,2.73,4.5,HMF371-7714B,1.83,,0.162,P,1
Taylor_IMechE_1997,HC17,AA2017-T4,2.8,0.15,0,5.93,,,,HMF371-7714B,1.83,0.162,AA3003,0.635,0.006,2.73,4.5,HMF371-7714B,1.83,,0.162,P,1
Taylor_IMechE_1997,HC18,AA2017-T4,2.8,0.2,0,5.08,,,,HMF371-7714B,1.83,0.162,AA3003,0.635,0.006,2.73,4.5,HMF371-7714B,1.83,,0.162,P,1
Taylor_IMechE_1997,HC19,AA2017-T4,2.8,0.08,0,5,,,,HMF371-7714B,1.83,0.162,AA3003,0.635,0.006,2.73,4.5,HMF371-7714B,1.83,,0.162,N/A,0
Taylor_IJIE_1999,HC 20,AA2017-T4,2.8,0.15,46.6,4.84,,,,HMF371-7714B,1.83,0.162,AA3003,0.635,0.006,2.73,4.5,HMF371-7714B,1.83,,0.162,NP,0
Taylor_IJIE_1999,HC 21,AA2017-T4,2.8,0.12,44.3,5.23,,,,HMF371-7714B,1.83,0.162,AA3003,0.635,0.006,2.73,4.5,HMF371-7714B,1.83,,0.162,NP,0
Taylor_IJIE_1999,HC 22,AA2017-T4,2.8,0.15,74.6,4.99,,,,HMF371-7714B,1.83,0.162,AA3003,0.635,0.006,2.73,4.5,HMF371-7714B,1.83,,0.162,NP,0
Taylor_IJIE_1999,HC 23,AA2017-T4,2.8,0.12,74.4,4.96,,,,HMF371-7714B,1.83,0.162,AA3003,0.635,0.006,2.73,4.5,HMF371-7714B,1.83,,0.162,NP,0
Taylor_IJIE_1999,HC 25,AA2017-T4,2.8,0.15,74.7,5.11,,,,HMF371-7714B,1.83,0.162,AA3003,0.635,0.006,2.73,4.5,HMF371-7714B,1.83,,0.162,NP,0
Taylor_IJIE_1999,HC 26,AA2017-T4,2.8,0.12,14.3,4.99,,,,HMF371-7714B,1.83,0.162,AA3003,0.635,0.006,2.73,4.5,HMF371-7714B,1.83,,0.162,NP,0
Taylor_IJIE_1999,HC 27,AA2017-T4,2.8,0.15,14.7,4.94,,,,HMF371-7714B,1.83,0.162,AA3003,0.635,0.006,2.73,4.5,HMF371-7714B,1.83,,0.162,P,1
Taylor_IJIE_1999,HC 33,AA2017-T4,2.8,0.12,24.5,5.15,,,,HMF371-7714B,1.83,0.162,AA3003,0.635,0.006,2.73,4.5,HMF371-7714B,1.83,,0.162,NP,0
Taylor_IJIE_1999,HC 34,AA2017-T4,2.8,0.12,63.5,5.17,,,,HMF371-7714B,1.83,0.162,AA3003,0.635,0.006,2.73,4.5,HMF371-7714B,1.83,,0.162,NP,0
Taylor_IJIE_1999,HC 35,AA2017-T4,2.8,0.12,59.7,5.24,,,,HMF371-7714B,1.83,0.162,AA3003,0.635,0.006,2.73,4.5,HMF371-7714B,1.83,,0.162,NP,0
Taylor_IJIE_1999,HC 47,AA2017-T4,2.8,0.2,57.6,4.71,,,,HMF371-7714B,1.83,0.162,AA3003,0.635,0.006,2.73,4.5,HMF371-7714B,1.83,,0.162,NP,0
Taylor_IJIE_1999,HC 51,AA2017-T4,2.8,0.2,16.2,4.8,,,,HMF371-7714B,1.83,0.162,AA3003,0.635,0.006,2.73,4.5,HMF371-7714B,1.83,,0.162,P,1
Taylor_IJIE_1999,HC 61,AA2017-T4,2.8,0.2,29.2,5.18,,,,HMF371-7714B,1.83,0.162,AA3003,0.635,0.006,2.73,4.5,HMF371-7714B,1.83,,0.162,P,1
Taylor_IJIE_1999,HC 62,AA2017-T4,2.8,0.2,44,5.19,,,,HMF371-7714B,1.83,0.162,AA3003,0.635,0.006,2.73,4.5,HMF371-7714B,1.83,,0.162,P,1
Turner_IJIE_2001,1-001,AA2017-T4,2.8,0.1,0,4.69,,,,AA2024-T81,2.77,0.04,AA5052,0.48,0.001778,2.68,3.58,AA2024-T81,2.77,65,0.04,P,1
Turner_IJIE_2001,1-002,AA2017-T4,2.8,0.15,0,4.89,,,,AA2024-T81,2.77,0.04,AA5052,0.48,0.001778,2.68,3.58,AA2024-T81,2.77,65,0.04,P,1
Turner_IJIE_2001,1-003,AA2017-T4,2.8,0.12,0,5.27,,,,AA2024-T81,2.77,0.04,AA5052,0.48,0.001778,2.68,3.58,AA2024-T81,2.77,65,0.04,P,1
Turner_IJIE_2001,1-004,AA2017-T4,2.8,0.08,0,5.31,,,,AA2024-T81,2.77,0.04,AA5052,0.48,0.001778,2.68,3.58,AA2024-T81,2.77,65,0.04,P,1
Turner_IJIE_2001,1-005,AA2017-T4,2.8,0.1,45,5.32,,,,AA2024-T81,2.77,0.04,AA5052,0.48,0.001778,2.68,3.58,AA2024-T81,2.77,65,0.04,P,1
Turner_IJIE_2001,1-008,AA2017-T4,2.8,0.2,0,4.57,,,,AA2024-T81,2.77,0.04,AA5052,0.48,0.001778,2.68,3.58,AA2024-T81,2.77,65,0.04,P,1
Turner_IJIE_2001,B001,AA2017-T4,2.8,0.12,0,1.96,,,,AA2024-T81,2.77,0.04,AA5052,0.48,0.001778,2.68,3.58,AA2024-T81,2.77,65,0.04,P,1
Turner_IJIE_2001,B002,AA2017-T4,2.8,0.1,0,1.56,,,,AA2024-T81,2.77,0.04,AA5052,0.48,0.001778,2.68,3.58,AA2024-T81,2.77,65,0.04,NP,0
Turner_IJIE_2001,B003,AA2017-T4,2.8,0.2,0,1.77,,,,AA2024-T81,2.77,0.04,AA5052,0.48,0.001778,2.68,3.58,AA2024-T81,2.77,65,0.04,P,1
Turner_IJIE_2001,A001,AA2017-T4,2.8,0.1,0,5.11,,,,AA2024-T81,2.77,0.06,AA5052,0.48,0.001778,2.68,3.62,AA2024-T81,2.77,65,0.06,NP,0
Turner_IJIE_2001,A002,AA2017-T4,2.8,0.12,0,5.2,,,,AA2024-T81,2.77,0.06,AA5052,0.48,0.001778,2.68,3.62,AA2024-T81,2.77,65,0.06,P,1
Turner_IJIE_2001,A003,AA2017-T4,2.8,0.2,0,4.89,,,,AA2024-T81,2.77,0.06,AA5052,0.48,0.001778,2.68,3.62,AA2024-T81,2.77,65,0.06,P,1
Turner_IJIE_2001,2-001,AA2017-T4,2.8,0.2,0,5.27,Standard,0.3,0,AA2024-T81,2.77,0.04,AA5052,0.48,0.001778,2.68,3.58,AA2024-T81,2.77,65,0.04,P,1
Turner_IJIE_2001,2-003,AA2017-T4,2.8,0.12,0,5.26,Standard,0.3,0,AA2024-T81,2.77,0.04,AA5052,0.48,0.001778,2.68,3.58,AA2024-T81,2.77,65,0.04,P,1
Turner_IJIE_2001,2-004,AA2017-T4,2.8,0.12,45,5.19,Standard,0.3,0,AA2024-T81,2.77,0.04,AA5052,0.48,0.001778,2.68,3.58,AA2024-T81,2.77,65,0.04,P,1
Turner_IJIE_2001,2-005,AA2017-T4,2.8,0.1,0,5.16,Standard,0.3,0,AA2024-T81,2.77,0.04,AA5052,0.48,0.001778,2.68,3.58,AA2024-T81,2.77,65,0.04,P,1
Turner_IJIE_2001,2-006,AA2017-T4,2.8,0.15,0,4.98,Standard,0.3,0,AA2024-T81,2.77,0.04,AA5052,0.48,0.001778,2.68,3.58,AA2024-T81,2.77,65,0.04,P,1
Turner_IJIE_2001,4-001,AA2017-T4,2.8,0.12,0,5.07,Enhanced,2.53,0,AA2024-T81,2.77,0.04,AA5052,0.48,0.001778,2.68,3.58,AA2024-T81,2.77,65,0.04,NP,0
Turner_IJIE_2001,4-003,AA2017-T4,2.8,0.15,0,4.86,Enhanced,2.53,0,AA2024-T81,2.77,0.04,AA5052,0.48,0.001778,2.68,3.58,AA2024-T81,2.77,65,0.04,NP,0
Turner_IJIE_2001,4-005,AA2017-T4,2.8,0.2,0,4.79,Enhanced,2.53,0,AA2024-T81,2.77,0.04,AA5052,0.48,0.001778,2.68,3.58,AA2024-T81,2.77,65,0.04,P,1
Turner_IJIE_2001,4-006,AA2017-T4,2.8,0.2,45,4.61,Enhanced,2.53,0,AA2024-T81,2.77,0.04,AA5052,0.48,0.001778,2.68,3.58,AA2024-T81,2.77,65,0.04,NP,0
Lambert_IJIE_2001,R1,AA2017-T4,2.8,0.125,0,6.9,Standard,0.5,0,AA2024-T4,2.77,0.04,AA5056-H39,0.48,0.0025,2.64,3,AA2024-T4,2.77,47,0.04,NP,0
Lambert_IJIE_2001,R2,AA2017-T4,2.8,0.152,0,7.1,Standard,0.5,0,AA2024-T4,2.77,0.04,AA5056-H39,0.48,0.0025,2.64,3,AA2024-T4,2.77,47,0.04,P,1
Lambert_IJIE_2001,R3,AA2017-T4,2.8,0.153,45,7.1,Standard,0.5,0,AA2024-T4,2.77,0.04,AA5056-H39,0.48,0.0025,2.64,3,AA2024-T4,2.77,47,0.04,P,1
Lambert_IJIE_2001,R4,AA2017-T4,2.8,0.174,45,7.7,Standard,0.5,0,AA2024-T4,2.77,0.04,AA5056-H39,0.48,0.0025,2.64,3,AA2024-T4,2.77,47,0.04,P,1
Lambert_IJIE_2001,R5,AA2017-T4,2.8,0.203,45,7.2,Standard,0.5,0,AA2024-T4,2.77,0.04,AA5056-H39,0.48,0.0025,2.64,3,AA2024-T4,2.77,47,0.04,P,1
Lambert_IJIE_2001,R6,AA2017-T4,2.8,0.245,45,7.1,Standard,0.5,0,AA2024-T4,2.77,0.04,AA5056-H39,0.48,0.0025,2.64,3,AA2024-T4,2.77,47,0.04,P,1
Lambert_IJIE_2001,M1,AA2017-T4,2.8,0.12,0,6.97,Standard,0.29,0,AA2024-T81,2.77,0.04,AA5052,0.48,0.0035,2.68,3.5,AA2024-T81,2.77,65,0.04,P,1
Lambert_IJIE_2001,M2,AA2017-T4,2.8,0.153,45,7.26,Standard,0.29,0,AA2024-T81,2.77,0.04,AA5052,0.48,0.0035,2.68,3.5,AA2024-T81,2.77,65,0.04,NP,0
Lambert_IJIE_2001,M3,AA2017-T4,2.8,0.174,45,7.29,Standard,0.29,0,AA2024-T81,2.77,0.04,AA5052,0.48,0.0035,2.68,3.5,AA2024-T81,2.77,65,0.04,P,1
Lambert_IJIE_2001,M4,AA2017-T4,2.8,0.203,60,7.35,Standard,0.29,0,AA2024-T81,2.77,0.04,AA5052,0.48,0.0035,2.68,3.5,AA2024-T81,2.77,65,0.04,P,1
Lambert_IJIE_2001,M5,AA2017-T4,2.8,0.153,0,7.53,Toughened (Nextel),1.47,0,AA2024-T81,2.77,0.04,AA5052,0.48,0.0035,2.68,3.5,AA2024-T81,2.77,65,0.04,P,1
Lambert_IJIE_2001,M6,AA2017-T4,2.8,0.174,0,7.1,Toughened (Nextel),1.47,0,AA2024-T81,2.77,0.04,AA5052,0.48,0.0035,2.68,3.5,AA2024-T81,2.77,65,0.04,P,1
Lambert_IJIE_2001,M7,AA2017-T4,2.8,0.158,45,7.2,Toughened (Nextel),1.47,0,AA2024-T81,2.77,0.04,AA5052,0.48,0.0035,2.68,3.5,AA2024-T81,2.77,65,0.04,NP,0
Lambert_IJIE_2001,M8,AA2017-T4,2.8,0.174,45,7.23,Toughened (Nextel),1.47,0,AA2024-T81,2.77,0.04,AA5052,0.48,0.0035,2.68,3.5,AA2024-T81,2.77,65,0.04,P,1
Lambert_IJIE_2001,M9,AA2017-T4,2.8,0.142,0,6.95,Toughened (Betacloth),1.39,0,AA2024-T81,2.77,0.04,AA5052,0.48,0.0035,2.68,3.5,AA2024-T81,2.77,65,0.04,P,1
Lambert_IJIE_2001,M10,AA2017-T4,2.8,0.153,0,7.15,Toughened (Betacloth),1.39,0,AA2024-T81,2.77,0.04,AA5052,0.48,0.0035,2.68,3.5,AA2024-T81,2.77,65,0.04,P,1
Lambert_IJIE_2001,M11,AA2017-T4,2.8,0.156,45,7.1,Toughened (Betacloth),1.39,0,AA2024-T81,2.77,0.04,AA5052,0.48,0.0035,2.68,3.5,AA2024-T81,2.77,65,0.04,NP,0
Lambert_IJIE_2001,M12,AA2017-T4,2.8,0.174,45,6.85,Toughened (Betacloth),1.39,0,AA2024-T81,2.77,0.04,AA5052,0.48,0.0035,2.68,3.5,AA2024-T81,2.77,65,0.04,P,1
Lambert_IJIE_2001,A1,AA2017-T4,2.8,0.153,0,6.7,,,,AA7075-T6,2.8,0.16,AA5056-H39,0.48,0.0025,2.64,5,AA7075-T6,2.8,73,0.16,NP,0
Lambert_IJIE_2001,A2,AA2017-T4,2.8,0.189,0,6.8,,,,AA7075-T6,2.8,0.16,AA5056-H39,0.48,0.0025,2.64,5,AA7075-T6,2.8,73,0.16,P,1
Lambert_IJIE_2001,A3,AA2017-T4,2.8,0.245,0,7.1,,,,AA7075-T6,2.8,0.16,AA5056-H39,0.48,0.0025,2.64,5,AA7075-T6,2.8,73,0.16,P,1
Lambert_IJIE_2001,A4,AA2017-T4,2.8,0.316,0,7.4,,,,AA7075-T6,2.8,0.16,AA5056-H39,0.48,0.0025,2.64,5,AA7075-T6,2.8,73,0.16,P,1
Lambert_IJIE_2001,A5,AA2017-T4,2.8,0.394,0,7.2,,,,AA7075-T6,2.8,0.16,AA5056-H39,0.48,0.0025,2.64,5,AA7075-T6,2.8,73,0.16,P,1
Lambert_IJIE_2001,A6,AA2017-T4,2.8,0.204,30,6.9,,,,AA7075-T6,2.8,0.16,AA5056-H39,0.48,0.0025,2.64,5,AA7075-T6,2.8,73,0.16,NP,0
Lambert_IJIE_2001,A7,AA2017-T4,2.8,0.244,30,7,,,,AA7075-T6,2.8,0.16,AA5056-H39,0.48,0.0025,2.64,5,AA7075-T6,2.8,73,0.16,P,1
Lambert_IJIE_2001,A8,AA2017-T4,2.8,0.229,45,7.1,,,,AA7075-T6,2.8,0.16,AA5056-H39,0.48,0.0025,2.64,5,AA7075-T6,2.8,73,0.16,NP,0
Lambert_IJIE_2001,A9,AA2017-T4,2.8,0.277,60,6.9,,,,AA7075-T6,2.8,0.16,AA5056-H39,0.48,0.0025,2.64,5,AA7075-T6,2.8,73,0.16,NP,0
Lambert_IJIE_2001,A10,AA2017-T4,2.8,0.298,60,7.1,,,,AA7075-T6,2.8,0.16,AA5056-H39,0.48,0.0025,2.64,5,AA7075-T6,2.8,73,0.16,P,1
Lambert_IJIE_2001,A11,AA2017-T4,2.8,0.345,70,7,,,,AA7075-T6,2.8,0.16,AA5056-H39,0.48,0.0025,2.64,5,AA7075-T6,2.8,73,0.16,NP,0
Lambert_IJIE_2001,A12,AA2017-T4,2.8,0.202,0,2.1,,,,AA7075-T6,2.8,0.16,AA5056-H39,0.48,0.0025,2.64,5,AA7075-T6,2.8,73,0.16,NP,0
Lambert_IJIE_2001,A13,AA2017-T4,2.8,0.245,0,2.7,,,,AA7075-T6,2.8,0.16,AA5056-H39,0.48,0.0025,2.64,5,AA7075-T6,2.8,73,0.16,NP,0
Lambert_IJIE_2001,A14,AA2017-T4,2.8,0.298,45,2.8,,,,AA7075-T6,2.8,0.16,AA5056-H39,0.48,0.0025,2.64,5,AA7075-T6,2.8,73,0.16,NP,0
Lambert_IJIE_2001,A15,AA2017-T4,2.8,0.344,70,4.8,,,,AA7075-T6,2.8,0.16,AA5056-H39,0.48,0.0025,2.64,5,AA7075-T6,2.8,73,0.16,NP,0
Lambert_IJIE_2001,A16,AA2017-T4,2.8,0.316,70,7,,,,AA7075-T6,2.8,0.16,AA5056-H39,0.48,0.0025,2.64,5,AA7075-T6,2.8,73,0.16,NP,0
Lambert_IJIE_2001,A17,AA2017-T4,2.8,0.19,0,6.9,Standard,0.5,0,AA7075-T6,2.8,0.16,AA5056-H39,0.48,0.0025,2.64,5,AA7075-T6,2.8,73,0.16,NP,0
Lambert_IJIE_2001,A18,AA2017-T4,2.8,0.228,0,6.9,Standard,0.5,0,AA7075-T6,2.8,0.16,AA5056-H39,0.48,0.0025,2.64,5,AA7075-T6,2.8,73,0.16,P,1
Lambert_IJIE_2001,A19,AA2017-T4,2.8,0.277,45,7,Standard,0.5,0,AA7075-T6,2.8,0.16,AA5056-H39,0.48,0.0025,2.64,5,AA7075-T6,2.8,73,0.16,NP,0
Lambert_IJIE_2001,A20,AA2017-T4,2.8,0.316,45,7.1,Standard,0.5,0,AA7075-T6,2.8,0.16,AA5056-H39,0.48,0.0025,2.64,5,AA7075-T6,2.8,73,0.16,P,1
Lambert_IJIE_2001,E1,AA2017-T4,2.8,0.11,0,6.3,,,,CFRP,1.7,0.11,AA5056-H39,0.48,0.0038,2.64,4.7,CFRP,1.7,,0.11,P,1
Lambert_IJIE_2001,E2,AA2017-T4,2.8,0.11,0,5.3,,,,CFRP,1.7,0.11,AA5056-H39,0.48,0.0038,2.64,4.7,CFRP,1.7,,0.11,P,1
Lambert_IJIE_2001,E3,AA2017-T4,2.8,0.09,0,6.6,,,,CFRP,1.7,0.11,AA5056-H39,0.48,0.0038,2.64,4.7,CFRP,1.7,,0.11,NP,0
Lambert_IJIE_2001,E4,AA2017-T4,2.8,0.11,0,6.5,Standard,0.56,0,CFRP,1.7,0.11,AA5056-H39,0.48,0.0038,2.64,4.7,CFRP,1.7,,0.11,NP,0
Lambert_IJIE_2001,E5,AA2017-T4,2.8,0.15,0,6.4,Standard,0.56,0,CFRP,1.7,0.11,AA5056-H39,0.48,0.0038,2.64,4.7,CFRP,1.7,,0.11,P,1
Sibeaud_2008,P251,AA2017-T4,2.8,0.7,0,5.74,,,,AA2024-T3,2.77,0.08,Aluminum,0.4,0.0025,2.78,2,AA2024-T3,2.77,50,0.08,P,1
Sibeaud_2008,P254,AA2017-T4,2.8,0.7,0,5.56,,,,CFRP,2,0.08,Aluminum,0.4,0.0025,2.78,2,CFRP,2,,0.08,P,1
Sibeaud_2008,P259,AA2017-T4,2.8,0.7,0,5.82,,,,AA2024-T3,2.77,0.08,Aluminum,0.4,0.0025,2.78,2,AA2024-T3,2.77,50,0.08,P,1
Sibeaud_2008,P260,AA2017-T4,2.8,0.7,45,5.66,,,,AA2024-T3,2.77,0.08,Aluminum,0.4,0.0025,2.78,2,AA2024-T3,2.77,50,0.08,P,1
Sibeaud_2008,P261,AA2017-T4,2.8,0.7,45,5.56,,,,CFRP,2,0.08,Aluminum,0.4,0.0025,2.78,2,CFRP,2,,0.08,N/A,0
Schafer_ECSD_2005,B-107,AA2017-T4,2.8,0.125,0,2.02,,,,CFRP,1.8,0.15,AA5056-H39,0.48,0.0025,2.64,5.06,CFRP,1.8,,0.15,NP,0
Schafer_ECSD_2005,B-106,AA2017-T4,2.8,0.1,0,2.36,,,,CFRP,1.8,0.15,AA5056-H39,0.48,0.0025,2.64,5.06,CFRP,1.8,,0.15,NP,0
Schafer_ECSD_2005,B-164,AA99.9%,2.7,0.15,0,3.13,,,,CFRP,1.8,0.15,AA5056-H39,0.48,0.0025,2.64,5.06,CFRP,1.8,,0.15,P,1
Schafer_ECSD_2005,B-119,AA2017-T4,2.8,0.1,0,6.24,,,,CFRP,1.8,0.15,AA5056-H39,0.48,0.0025,2.64,5.06,CFRP,1.8,,0.15,P,1
Schafer_ECSD_2005,B-117,AA2017-T4,2.8,0.1,0,6.27,,,,CFRP,1.8,0.15,AA5056-H39,0.48,0.0025,2.64,5.06,CFRP,1.8,,0.15,P,1
Schafer_ECSD_2005,S-4577,AA99.9%,2.7,0.15,0,5.72,,,,CFRP,1.8,0.15,AA5056-H39,0.48,0.0025,2.64,5.06,CFRP,1.8,,0.15,P,1
Schafer_ECSD_2005,S-4578,AA99.9%,2.7,0.15,0,5.72,,,,CFRP,1.8,0.15,AA5056-H39,0.48,0.0025,2.64,5.06,CFRP,1.8,,0.15,P,1
Schafer_ECSD_2005,B-108,AA99.9%,2.7,0.15,0,6.27,,,,CFRP,1.8,0.15,AA5056-H39,0.48,0.0025,2.64,5.06,CFRP,1.8,,0.15,P,1
Schafer_ECSD_2005,B-161,AA2017-T4,2.8,0.1,45,4.27,,,,CFRP,1.8,0.15,AA5056-H39,0.48,0.0025,2.64,5.06,CFRP,1.8,,0.15,NP,0
Schafer_ECSD_2005,B-167,AA2017-T4,2.8,0.125,45,3.39,,,,CFRP,1.8,0.15,AA5056-H39,0.48,0.0025,2.64,5.06,CFRP,1.8,,0.15,NP,0
Schafer_ECSD_2005,S-4579,AA99.9%,2.7,0.15,45,5.87,,,,CFRP,1.8,0.15,AA5056-H39,0.48,0.0025,2.64,5.06,CFRP,1.8,,0.15,NP,0
Schafer_ECSD_2005,S-4580,AA99.9%,2.7,0.2,45,6.12,,,,CFRP,1.8,0.15,AA5056-H39,0.48,0.0025,2.64,5.06,CFRP,1.8,,0.15,NP,0
Schafer_ECSD_2005,S-4583,AA99.9%,2.7,0.2,60,6.07,,,,CFRP,1.8,0.15,AA5056-H39,0.48,0.0025,2.64,5.06,CFRP,1.8,,0.15,P,1
Schafer_ECSD_2005,S-4582,AA99.9%,2.7,0.25,60,6.52,,,,CFRP,1.8,0.15,AA5056-H39,0.48,0.0025,2.64,5.06,CFRP,1.8,,0.15,P,1
Schafer_ECSD_2005,S-4581,AA99.9%,2.7,0.3,60,6.23,,,,CFRP,1.8,0.15,AA5056-H39,0.48,0.0025,2.64,5.06,CFRP,1.8,,0.15,P,1
Schafer_ECSD_2005,B-105,AA2017-T4,2.8,0.1,0,2.82,,,,CFRP,1.8,0.12,AA5056-H39,0.48,0.0025,2.64,1.21,CFRP,1.8,,0.12,P,1
Schafer_ECSD_2005,B-139,AA2017-T4,2.8,0.1,0,3.36,,,,CFRP,1.8,0.12,AA5056-H39,0.48,0.0025,2.64,1.21,CFRP,1.8,,0.12,P,1
Schafer_ECSD_2005,B-127,AA2017-T4,2.8,0.05,0,5.88,,,,CFRP,1.8,0.12,AA5056-H39,0.48,0.0025,2.64,1.21,CFRP,1.8,,0.12,NP,0
Schafer_ECSD_2005,B-131,AA2017-T4,2.8,0.05,0,5.88,,,,CFRP,1.8,0.12,AA5056-H39,0.48,0.0025,2.64,1.21,CFRP,1.8,,0.12,NP,0
Schafer_ECSD_2005,B-132,AA2017-T4,2.8,0.07,0,6.05,,,,CFRP,1.8,0.12,AA5056-H39,0.48,0.0025,2.64,1.21,CFRP,1.8,,0.12,NP,0
Schafer_ECSD_2005,B-154,AA2017-T4,2.8,0.08,0,5.94,,,,CFRP,1.8,0.12,AA5056-H39,0.48,0.0025,2.64,1.21,CFRP,1.8,,0.12,NP,0
Schafer_ECSD_2005,B-147,AA2017-T4,2.8,0.1,0,5.87,,,,CFRP,1.8,0.12,AA5056-H39,0.48,0.0025,2.64,1.21,CFRP,1.8,,0.12,P,1
Schafer_ECSD_2005,B-162,AA2017-T4,2.8,0.1,45,3.42,,,,CFRP,1.8,0.12,AA5056-H39,0.48,0.0025,2.64,1.21,CFRP,1.8,,0.12,NP,0
Schafer_ECSD_2005,B-140,AA2017-T4,2.8,0.125,45,3.33,,,,CFRP,1.8,0.12,AA5056-H39,0.48,0.0025,2.64,1.21,CFRP,1.8,,0.12,NP,0
Schafer_ECSD_2005,B-156,AA2017-T4,2.8,0.08,45,6.45,,,,CFRP,1.8,0.12,AA5056-H39,0.48,0.0025,2.64,1.21,CFRP,1.8,,0.12,NP,0
Schafer_ECSD_2005,B-133,AA2017-T4,2.8,0.1,45,6.18,,,,CFRP,1.8,0.12,AA5056-H39,0.48,0.0025,2.64,1.21,CFRP,1.8,,0.12,P,1
Schafer_ECSD_2005,B-160,AA2017-T4,2.8,0.1,60,6.62,,,,CFRP,1.8,0.12,AA5056-H39,0.48,0.0025,2.64,1.21,CFRP,1.8,,0.12,NP,0
Schafer_ECSD_2005,B-134,AA99.9%,2.7,0.155,60,5.77,,,,CFRP,1.8,0.12,AA5056-H39,0.48,0.0025,2.64,1.21,CFRP,1.8,,0.12,P,1
Schafer_ECSD_2005,B-149,AA2017-T4,2.8,0.1,0,5.93,,,,CFRP,1.8,0.14,AA5056-H39,0.48,0.0025,2.64,2.53,CFRP,1.8,,0.14,NP,0
Schafer_ECSD_2005,B-155,AA2017-T4,2.8,0.125,0,6.26,,,,CFRP,1.8,0.14,AA5056-H39,0.48,0.0025,2.64,2.53,CFRP,1.8,,0.14,P,1
Schafer_ECSD_2005,S-4612,AA99.9%,2.7,0.2,0,6.62,,,,CFRP,1.8,0.14,AA5056-H39,0.48,0.0025,2.64,2.53,CFRP,1.8,,0.14,P,1
Schafer_ECSD_2005,B-150,AA2017-T4,2.8,0.1,45,5.96,,,,CFRP,1.8,0.14,AA5056-H39,0.48,0.0025,2.64,2.53,CFRP,1.8,,0.14,NP,0
Schafer_ECSD_2005,S-4613,AA99.9%,2.7,0.15,45,5.48,,,,CFRP,1.8,0.14,AA5056-H39,0.48,0.0025,2.64,2.53,CFRP,1.8,,0.14,P,1
Schafer_ECSD_2005,B-146,AA2017-T4,2.8,0.1,0,5.98,,,,CFRP,1.65,0.23,AA5056-H39,0.48,0.0025,2.64,1.25,CFRP,1.65,,0.23,NP,0
Schafer_ECSD_2005,B-152,AA99.9%,2.7,0.15,0,6.26,,,,CFRP,1.65,0.23,AA5056-H39,0.48,0.0025,2.64,1.25,CFRP,1.65,,0.23,P,1
Schafer_ECSD_2005,B-145,AA2017-T4,2.8,0.1,45,5.8,,,,CFRP,1.65,0.23,AA5056-H39,0.48,0.0025,2.64,1.25,CFRP,1.65,,0.23,NP,0
Schafer_ECSD_2005,B-153,AA2017-T4,2.8,0.08,0,5.94,,,,CFRP,1.6,0.1,AA5056-H39,0.48,0.0025,2.64,2.97,CFRP,1.6,,0.1,NP,0
Schafer_ECSD_2005,B-148,AA2017-T4,2.8,0.1,0,5.96,,,,CFRP,1.6,0.1,AA5056-H39,0.48,0.0025,2.64,2.97,CFRP,1.6,,0.1,P,1
Ryan_IJIE_2006,B-119,AA2017-T4,2.8,0.1,0,6.24,,,,CFRP,1.8,0.15,AA5056-H39,0.48,0.0025,2.64,5.06,CFRP,1.8,,0.15,P,1
Ryan_IJIE_2006,S-4580,AA2017-T4,2.8,0.2,45,6.12,,,,CFRP,1.8,0.15,AA5056-H39,0.48,0.0025,2.64,5.06,CFRP,1.8,,0.15,P,1
Ryan_IJIE_2006,B-107,AA2017-T4,2.8,0.125,0,1.4,,,,CFRP,1.8,0.15,AA5056-H39,0.48,0.0025,2.64,5.06,CFRP,1.8,,0.15,NP,0
Ryan_IJIE_2006,S-4635,AA2017-T4,2.8,0.3,0,6.64,,,,CFRP,1.8,0.15,AA5056-H39,0.48,0.0025,2.64,5.06,CFRP,1.8,,0.15,P,1
Ryan_IJIE_2006,S-4671,AA2017-T4,2.8,0.4,0,2.6,,,,CFRP,1.8,0.15,AA5056-H39,0.48,0.0025,2.64,5.06,CFRP,1.8,,0.15,P,1
Ryan_IJIE_2006,S-4633,AA2017-T4,2.8,0.5,0,6.71,,,,CFRP,1.8,0.15,AA5056-H39,0.48,0.0025,2.64,5.06,CFRP,1.8,,0.15,P,1
Schaefer_IAC_2008,4756,AA99.9%,2.7,0.4,0,3.3,Standard,0.447,0,AA2024-T3,2.77,0.04,AA5056-H39,0.47625,0.001778,2.64,2.5,AA2024-T3,2.77,50,0.04,P,1
Schaefer_IAC_2008,4759,AA99.9%,2.7,0.4,0,2.26,Standard,0.447,0,AA2024-T3,2.77,0.04,AA5056-H39,0.47625,0.001778,2.64,2.5,AA2024-T3,2.77,50,0.04,P,1
Schaefer_IAC_2008,4755,AA99.9%,2.7,0.45,0,6.51,Standard,0.447,0,AA2024-T3,2.77,0.04,AA5056-H39,0.47625,0.001778,2.64,2.5,AA2024-T3,2.77,50,0.04,P,1
Schaefer_IAC_2008,4757,AA99.9%,2.7,0.5,0,6.52,Standard,0.447,0,AA2024-T3,2.77,0.04,AA5056-H39,0.47625,0.001778,2.64,2.5,AA2024-T3,2.77,50,0.04,P,1
Schaefer_IAC_2008,4754,AA99.9%,2.7,0.6,0,6.51,Standard,0.447,0,AA2024-T3,2.77,0.04,AA5056-H39,0.47625,0.001778,2.64,2.5,AA2024-T3,2.77,50,0.04,P,1
Schaefer_IAC_2008,4752,AA99.9%,2.7,0.45,0,6.77,Standard,0.447,0,AA2024-T3,2.77,0.04,AA5056-H39,0.47625,0.001778,2.64,2.5,AA2024-T3,2.77,50,0.04,P,1
Schaefer_IAC_2008,4751,AA99.9%,2.7,0.6,0,6.5,Standard,0.447,0,AA2024-T3,2.77,0.04,AA5056-H39,0.47625,0.001778,2.64,2.5,AA2024-T3,2.77,50,0.04,P,1
Schaefer_IAC_2008,4750,AA99.9%,2.7,0.4,0,6.55,Standard,0.447,0,AA2024-T3,2.77,0.04,AA5056-H39,0.47625,0.001778,2.64,2.5,AA2024-T3,2.77,50,0.04,P,1
Putzar_ECSD_2005,93,AA99.9%,2.7,0.25,0,3.5,Standard,0.447,0,AA2024-T3,2.77,0.04,AA5056-H39,0.47625,0.001778,2.64,2.5,AA2024-T3,2.77,50,0.04,P,1
Putzar_ECSD_2005,72,AA99.9%,2.7,0.3,0,6.3,Standard,0.447,0,AA2024-T3,2.77,0.04,AA5056-H39,0.47625,0.001778,2.64,2.5,AA2024-T3,2.77,50,0.04,P,1
Putzar_ECSD_2005,4591,AA99.9%,2.7,0.35,0,6.2,Standard,0.447,0,AA2024-T3,2.77,0.04,AA5056-H39,0.47625,0.001778,2.64,2.5,AA2024-T3,2.77,50,0.04,P,1
Putzar_ECSD_2005,4588,AA99.9%,2.7,0.4,0,6.63,Standard,0.447,0,AA2024-T3,2.77,0.04,AA5056-H39,0.47625,0.001778,2.64,2.5,AA2024-T3,2.77,50,0.04,P,1
Putzar_ECSD_2005,4585,AA99.9%,2.7,0.5,0,6.77,Standard,0.447,0,AA2024-T3,2.77,0.04,AA5056-H39,0.47625,0.001778,2.64,2.5,AA2024-T3,2.77,50,0.04,P,1
Putzar_ECSD_2005,4592,AA99.9%,2.7,0.5,0,6.7,Standard,0.447,0,AA2024-T3,2.77,0.04,AA5056-H39,0.47625,0.001778,2.64,2.5,AA2024-T3,2.77,50,0.04,P,1
Putzar_ECSD_2005,4586,AA99.9%,2.7,0.35,0,2.7,Standard,0.447,0,AA2024-T3,2.77,0.04,AA5056-H39,0.47625,0.001778,2.64,2.5,AA2024-T3,2.77,50,0.04,P,1
Putzar_ECSD_2005,4587,AA99.9%,2.7,0.4,0,6.74,Standard,0.447,0,AA2024-T3,2.77,0.04,AA5056-H39,0.47625,0.001778,2.64,2.5,AA2024-T3,2.77,50,0.04,P,1
Putzar_ECSD_2005,4589,AA99.9%,2.7,0.35,0,7.79,Standard,0.447,0,AA2024-T3,2.77,0.04,AA5056-H39,0.47625,0.001778,2.64,2.5,AA2024-T3,2.77,50,0.04,P,1
Putzar_ECSD_2005,4600,AA99.9%,2.7,0.35,0,6.3,,,,AA2024-T3,2.77,0.04,AA5056-H39,0.47625,0.001778,2.64,2.5,AA2024-T3,2.77,50,0.04,P,1
Putzar_ECSD_2005,4597,AA99.9%,2.7,0.5,0,6.25,,,,AA2024-T3,2.77,0.04,AA5056-H39,0.47625,0.001778,2.64,2.5,AA2024-T3,2.77,50,0.04,P,1
Putzar_ECSD_2021,4604,AA99.9%,2.7,0.25,0,6.8,Standard,0.447,0,AA2024-T3,2.77,0.04,AA5056-H39,0.47625,0.001778,2.64,2.5,AA2024-T3,2.77,50,0.04,P,1
Putzar_ECSD_2021,4598,AA99.9%,2.7,0.35,0,6.59,,,,AA2024-T3,2.77,0.04,AA5056-H39,0.47625,0.001778,2.64,2.5,AA2024-T3,2.77,50,0.04,P,1
Putzar_ECSD_2021,4596,AA99.9%,2.7,0.45,0,6.33,,,,AA2024-T3,2.77,0.04,AA5056-H39,0.47625,0.001778,2.64,2.5,AA2024-T3,2.77,50,0.04,P,1
Putzar_ECSD_2021,4760,AA99.9%,2.7,0.25,0,6.37,Standard,0.447,0,AA2024-T3,2.77,0.04,AA5056-H39,0.47625,0.001778,2.64,2.5,AA2024-T3,2.77,50,0.04,P,1
Putzar_ECSD_2021,4761,AA99.9%,2.7,0.35,0,6.71,Standard,0.447,0,AA2024-T3,2.77,0.04,AA5056-H39,0.47625,0.001778,2.64,2.5,AA2024-T3,2.77,50,0.04,P,1
Putzar_ECSD_2021,4762,AA99.9%,2.7,0.45,0,6.53,Standard,0.447,0,AA2024-T3,2.77,0.04,AA5056-H39,0.47625,0.001778,2.64,2.5,AA2024-T3,2.77,50,0.04,P,1
Putzar_ECSD_2021,4763,AA99.9%,2.7,0.6,0,6.42,Standard,0.447,0,AA2024-T3,2.77,0.04,AA5056-H39,0.47625,0.001778,2.64,2.5,AA2024-T3,2.77,50,0.04,P,1
Putzar_IAC_2005,4714,AA99.9%,2.7,0.25,0,3.66,Standard,0.447,0,AA2024-T3,2.77,0.04,AA5056-H39,0.47625,0.001778,2.64,2.5,AA2024-T3,2.77,50,0.04,P,1
Putzar_IAC_2005,4715,AA99.9%,2.7,0.32,0,3.52,Standard,0.447,0,AA2024-T3,2.77,0.04,AA5056-H39,0.47625,0.001778,2.64,2.5,AA2024-T3,2.77,50,0.04,P,1
Putzar_IAC_2005,4716,AA99.9%,2.7,0.4,0,3.81,Standard,0.447,0,AA2024-T3,2.77,0.04,AA5056-H39,0.47625,0.001778,2.64,2.5,AA2024-T3,2.77,50,0.04,P,1
Putzar_IAC_2005,4712,AA99.9%,2.7,0.25,0,4.7,Standard,0.447,0,AA2024-T3,2.77,0.04,AA5056-H39,0.47625,0.001778,2.64,2.5,AA2024-T3,2.77,50,0.04,P,1
Putzar_IAC_2005,4704,AA99.9%,2.7,0.4,0,6.56,Standard,0.447,0,AA2024-T3,2.77,0.04,AA5056-H39,0.47625,0.001778,2.64,2.5,AA2024-T3,2.77,50,0.04,P,1
Putzar_IAC_2005,4706,AA99.9%,2.7,0.45,0,6.17,Standard,0.447,0,AA2024-T3,2.77,0.04,AA5056-H39,0.47625,0.001778,2.64,2.5,AA2024-T3,2.77,50,0.04,P,1
Putzar_IAC_2005,4719,AA99.9%,2.7,0.45,45,6.55,Standard,0.447,0,AA2024-T3,2.77,0.04,AA5056-H39,0.47625,0.001778,2.64,2.5,AA2024-T3,2.77,50,0.04,P,1
Putzar_IAC_2005,4720,AA99.9%,2.7,0.55,45,6.6,Standard,0.447,0,AA2024-T3,2.77,0.04,AA5056-H39,0.47625,0.001778,2.64,2.5,AA2024-T3,2.77,50,0.04,P,1
Putzar_IAC_2005,4711,AA99.9%,2.7,0.32,0,5.8,Standard,0.447,0,AA2024-T3,2.77,0.04,AA5056-H39,0.47625,0.001778,2.64,2.5,AA2024-T3,2.77,50,0.04,P,1
Putzar_IAC_2005,4710,AA99.9%,2.7,0.4,0,5.44,Standard,0.447,0,AA2024-T3,2.77,0.04,AA5056-H39,0.47625,0.001778,2.64,2.5,AA2024-T3,2.77,50,0.04,P,1
Putzar_IAC_2005,4700,AA99.9%,2.7,0.5,0,6.76,Standard,0.447,0,AA2024-T3,2.77,0.04,AA5056-H39,0.47625,0.001778,2.64,2.5,AA2024-T3,2.77,50,0.04,P,1
Putzar_IAC_2005,4709,AA99.9%,2.7,0.55,0,5.66,Standard,0.447,0,AA2024-T3,2.77,0.04,AA5056-H39,0.47625,0.001778,2.64,2.5,AA2024-T3,2.77,50,0.04,P,1
Putzar_IJIE_2008,4728,AA99.9%,2.7,0.2,0,6.42,Standard,0.447,0,AA2024-T3,2.77,0.04,AA5056-H39,0.47625,0.001778,2.64,2.5,AA2024-T3,2.77,50,0.04,P,1
Putzar_IJIE_2008,4732,AA99.9%,2.7,0.25,0,6.55,Standard,0.447,0,AA2024-T3,2.77,0.04,AA5056-H39,0.47625,0.001778,2.64,2.5,AA2024-T3,2.77,50,0.04,P,1
Putzar_IJIE_2008,4731,AA99.9%,2.7,0.25,0,6.53,Standard,0.447,0,AA2024-T3,2.77,0.04,AA5056-H39,0.47625,0.001778,2.64,2.5,AA2024-T3,2.77,50,0.04,P,1
Putzar_IJIE_2008,4727,AA99.9%,2.7,0.3,0,6.77,Standard,0.447,0,AA2024-T3,2.77,0.04,AA5056-H39,0.47625,0.001778,2.64,2.5,AA2024-T3,2.77,50,0.04,P,1
Putzar_IJIE_2008,4736,AA99.9%,2.7,0.4,0,6.78,Standard,0.447,0,AA2024-T3,2.77,0.04,AA5056-H39,0.47625,0.001778,2.64,2.5,AA2024-T3,2.77,50,0.04,P,1
Putzar_IJIE_2008,4738,AA99.9%,2.7,0.2,0,7.7,Standard,0.447,0,AA2024-T3,2.77,0.04,AA5056-H39,0.47625,0.001778,2.64,2.5,AA2024-T3,2.77,50,0.04,P,1
Putzar_IJIE_2008,4734,AA99.9%,2.7,0.25,0,7.59,Standard,0.447,0,AA2024-T3,2.77,0.04,AA5056-H39,0.47625,0.001778,2.64,2.5,AA2024-T3,2.77,50,0.04,P,1
Putzar_IJIE_2008,4733,AA99.9%,2.7,0.3,0,7.68,Standard,0.447,0,AA2024-T3,2.77,0.04,AA5056-H39,0.47625,0.001778,2.64,2.5,AA2024-T3,2.77,50,0.04,P,1
Wicklein_IJIE_2008,231,AA2017-T4,2.8,0.096,0,2.92,,,,CFRP,1.56,0.137,AA5056-H39,0.47625,0.001778,2.64,2.5,CFRP,1.56,,0.137,P,1
Wicklein_IJIE_2008,235,AA2017-T4,2.8,0.078,0,4.58,,,,CFRP,1.56,0.137,AA5056-H39,0.47625,0.001778,2.64,2.5,CFRP,1.56,,0.137,NP,0
Wicklein_IJIE_2008,236,AA2017-T4,2.8,0.118,0,4.94,,,,CFRP,1.56,0.137,AA5056-H39,0.47625,0.001778,2.64,2.5,CFRP,1.56,,0.137,NP,0
Wicklein_IJIE_2008,4853,AA99.9%,2.7,0.245,60,2.93,,,,CFRP,1.56,0.137,AA5056-H39,0.47625,0.001778,2.64,2.5,CFRP,1.56,,0.137,NP,0
Wicklein_IJIE_2008,4847,AA99.9%,2.7,0.155,60,6.14,,,,CFRP,1.56,0.137,AA5056-H39,0.47625,0.001778,2.64,2.5,CFRP,1.56,,0.137,NP,0
Wicklein_IJIE_2008,4848,AA99.9%,2.7,0.178,60,6.1,,,,CFRP,1.56,0.137,AA5056-H39,0.47625,0.001778,2.64,2.5,CFRP,1.56,,0.137,NP,0
Wicklein_IJIE_2008,4849,AA99.9%,2.7,0.204,60,6.28,,,,CFRP,1.56,0.137,AA5056-H39,0.47625,0.001778,2.64,2.5,CFRP,1.56,,0.137,P,1
Wicklein_IJIE_2008,4851,AA99.9%,2.7,0.395,60,6.41,,,,CFRP,1.56,0.137,AA5056-H39,0.47625,0.001778,2.64,2.5,CFRP,1.56,,0.137,P,1
NASA-CR-65261,26,AA99.9%,2.7,0.476,0,6.19,,,,AA7075-T6,2.8,0.0406,AA5052,0.635,0.00254,2.68,2.54,AA7075-T6,2.8,73,0.0406,N/A,0
NASA-CR-65261,52,AA99.9%,2.7,0.318,0,6.77,,,,AA7075-T6,2.8,0.0406,AA5052,0.635,0.00254,2.68,2.54,AA7075-T6,2.8,73,0.0406,P,1
NASA-CR-65261,53,AA99.9%,2.7,0.318,0,6.92,,,,AA7075-T6,2.8,0.0406,AA5052,0.635,0.00254,2.68,2.54,AA7075-T6,2.8,73,0.0406,P,1
NASA-CR-65261,56,AA99.9%,2.7,0.318,0,6.74,,,,AA7075-T6,2.8,0.0406,AA5052,0.635,0.00254,2.68,2.54,AA7075-T6,2.8,73,0.0406,P,1
NASA-CR-65261,27,AA99.9%,2.7,0.476,25,6.16,,,,AA7075-T6,2.8,0.0406,AA5052,0.635,0.00254,2.68,2.54,AA7075-T6,2.8,73,0.0406,P,1
NASA-CR-65261,51,AA99.9%,2.7,0.318,25,6.8,,,,AA7075-T6,2.8,0.0406,AA5052,0.635,0.00254,2.68,2.54,AA7075-T6,2.8,73,0.0406,P,1
NASA-CR-65261,62,AA99.9%,2.7,0.318,25,6.31,,,,AA7075-T6,2.8,0.0406,AA5052,0.635,0.00254,2.68,2.54,AA7075-T6,2.8,73,0.0406,P,1
NASA-CR-65261,64,AA99.9%,2.7,0.476,25,6.8,,,,AA7075-T6,2.8,0.0406,AA5052,0.635,0.00254,2.68,2.54,AA7075-T6,2.8,73,0.0406,P,1
NASA-CR-65261,35,AA99.9%,2.7,0.476,45,6.1,,,,AA7075-T6,2.8,0.0406,AA5052,0.635,0.00254,2.68,2.54,AA7075-T6,2.8,73,0.0406,P,1
NASA-CR-65261,50,AA99.9%,2.7,0.318,45,6.61,,,,AA7075-T6,2.8,0.0406,AA5052,0.635,0.00254,2.68,2.54,AA7075-T6,2.8,73,0.0406,P,1
NASA-CR-65261,61,AA99.9%,2.7,0.318,45,6.28,,,,AA7075-T6,2.8,0.0406,AA5052,0.635,0.00254,2.68,2.54,AA7075-T6,2.8,73,0.0406,P,1
NASA-CR-65261,42,AA99.9%,2.7,0.476,60,6.46,,,,AA7075-T6,2.8,0.0406,AA5052,0.635,0.00254,2.68,2.54,AA7075-T6,2.8,73,0.0406,P,1
NASA-CR-65261,48,AA99.9%,2.7,0.318,60,6.58,,,,AA7075-T6,2.8,0.0406,AA5052,0.635,0.00254,2.68,2.54,AA7075-T6,2.8,73,0.0406,P,1
NASA-CR-65261,60,AA99.9%,2.7,0.318,60,6.68,,,,AA7075-T6,2.8,0.0406,AA5052,0.635,0.00254,2.68,2.54,AA7075-T6,2.8,73,0.0406,P,1
NASA-CR-65261,46,AA99.9%,2.7,0.476,70,6.46,,,,AA7075-T6,2.8,0.0406,AA5052,0.635,0.00254,2.68,2.54,AA7075-T6,2.8,73,0.0406,P,1
NASA-CR-65261,47,AA99.9%,2.7,0.476,70,6.46,,,,AA7075-T6,2.8,0.0406,AA5052,0.635,0.00254,2.68,2.54,AA7075-T6,2.8,73,0.0406,P,1
NASA-CR-65261,63,AA99.9%,2.7,0.318,70,6.22,,,,AA7075-T6,2.8,0.0406,AA5052,0.635,0.00254,2.68,2.54,AA7075-T6,2.8,73,0.0406,P,1
Ryan_ASR_2008,S-4671,AA99.9%,2.7,0.4,0,2.6,,,,CFRP,1.8,0.15,AA5056-H39,0.48,0.0025,2.64,5.06,CFRP,1.8,,0.15,P,1
Ryan_ASR_2008,S-4672,AA99.9%,2.7,0.4,0,3.57,,,,CFRP,1.8,0.15,AA5056-H39,0.48,0.0025,2.64,5.06,CFRP,1.8,,0.15,P,1
Ryan_ASR_2008,S-4673,AA99.9%,2.7,0.4,0,6.47,,,,CFRP,1.8,0.15,AA5056-H39,0.48,0.0025,2.64,5.06,CFRP,1.8,,0.15,P,1
Ryan_ASR_2008,S-4616,AA99.9%,2.7,0.4,0,6.99,,,,CFRP,1.8,0.15,AA5056-H39,0.48,0.0025,2.64,5.06,CFRP,1.8,,0.15,P,1
Ryan_ASR_2008,S-4682,AA99.9%,2.7,0.4,0,7.75,,,,CFRP,1.8,0.15,AA5056-H39,0.48,0.0025,2.64,5.06,CFRP,1.8,,0.15,P,1
Ryan_ASR_2008,S-4617,AA99.9%,2.7,0.4,45,6.91,,,,CFRP,1.8,0.15,AA5056-H39,0.48,0.0025,2.64,5.06,CFRP,1.8,,0.15,P,1
Ryan_ASR_2008,S.4618,AA99.9%,2.7,0.5,45,6.85,,,,CFRP,1.8,0.15,AA5056-H39,0.48,0.0025,2.64,5.06,CFRP,1.8,,0.15,P,1
Ryan_ASR_2008,S-4695,AA99.9%,2.7,0.4,0,6.45,,,,CFRP,1.8,0.15,AA5056-H39,0.48,0.0025,2.64,5.06,CFRP,1.8,,0.15,P,1
Ryan_ASR_2008,S-4694,AA99.9%,2.7,0.4,0,6.53,,,,CFRP,1.8,0.15,AA5056-H39,0.48,0.0025,2.64,5.06,CFRP,1.8,,0.15,P,1
NASA-TP-2008-214776,3145-2,AA2017-T4,2.8,0.08,0,6.75,,,,AA6061-T6,2.7,0.04064,Al5052-H39,0.3175,0.00178,2.68,1.27,AA6061-T6,2.7,40,0.04064,NP,0
NASA-TP-2008-214776,3145-1,AA2017-T4,2.8,0.1,0,6.86,,,,AA6061-T6,2.7,0.04064,Al5052-H39,0.3175,0.00178,2.68,1.27,AA6061-T6,2.7,40,0.04064,P,1
NASA-TP-2008-214776,5069,AA2017-T4,2.8,0.13,60,6.99,,,,AA6061-T6,2.7,0.04064,Al5052-H39,0.3175,0.00178,2.68,1.27,AA6061-T6,2.7,40,0.04064,P,1
NASA-TP-2008-214776,4159,AA2017-T4,2.8,0.318,0,6.86,,,,AA6061-T6,2.7,0.127,Al5052-H39,0.3175,0.00178,2.68,5.08,AA6061-T6,2.7,40,0.127,P,1
NASA-TP-2008-214776,4150,AA2017-T4,2.8,0.36,0,6.22,,,,AA6061-T6,2.7,0.127,Al5052-H39,0.3175,0.00178,2.68,5.08,AA6061-T6,2.7,40,0.127,P,1
NASA-TP-2008-214776,4160,AA2017-T4,2.8,0.318,45,6.74,,,,AA6061-T6,2.7,0.127,Al5052-H39,0.3175,0.00178,2.68,5.08,AA6061-T6,2.7,40,0.127,P,1
NASA-TP-2008-214776,4153,AA2017-T4,2.8,0.357,45,6.87,,,,AA6061-T6,2.7,0.127,Al5052-H39,0.3175,0.00178,2.68,5.08,AA6061-T6,2.7,40,0.127,P,1
Terrillon_IAC_1991,h,AA2017-T4,2.8,0.1,20,7.46,,,,AA2024-T4,2.77,0.04,Aluminum,???,???,2.78,4,AA2024-T4,2.77,47,0.04,P,1
Terrillon_IAC_1991,i,AA2017-T4,2.8,0.1,70,6.92,,,,AA2024-T4,2.77,0.04,Aluminum,???,???,2.78,4,AA2024-T4,2.77,47,0.04,P,1
Terrillon_IAC_1991,j,AA2017-T4,2.8,0.1,20,7.41,,,,AA2024-T4,2.77,0.05,Aluminum,???,???,2.78,1.27,AA2024-T4,2.77,47,0.05,NP,0
Terrillon_IAC_1991,k,AA2017-T4,2.8,0.1,70,8.07,,,,AA2024-T4,2.77,0.05,Aluminum,???,???,2.78,1.27,AA2024-T4,2.77,47,0.05,P,1
Schafer_AA_2007,4572,AA2017-T4,2.8,0.2,0,2.78,,,,AA5754-H22,2.67,0.06,AA3003,0.48,0.006,2.73,4.78,AA5754-H22,2.67,27,0.06,P,1
NASA-TM-2009-214793,7458,AA2017-T4,2.8,0.754,45,6.94,,,,AA6061-T6,2.7,0.04208,AA5052,0.3175,0.00508,2.68,1.27,AA6061-T6,2.7,40,0.04064,N/A,0
NASA-TM-2009-214793,7459,AA2017-T4,2.8,0.65,45,8.88,,,,AA6061-T6,2.7,0.04208,AA5052,0.3175,0.00508,2.68,1.27,AA6061-T6,2.7,40,0.04064,N/A,0
NASA-TM-2009-214793,7504,AA2017-T4,2.8,0.73,0,6.86,,,,AA6061-T6,2.7,0.04208,AA5052,0.3175,0.00508,2.68,1.27,AA6061-T6,2.7,40,0.04064,N/A,0
NASA-TM-2009-214793,7509,AA2017-T4,2.8,0.754,0,6.93,,,,AA6061-T6,2.7,0.04208,AA5052,0.3175,0.00508,2.68,1.27,AA6061-T6,2.7,40,0.04064,N/A,0
NASA-TM-2009-214793,7510,AA2017-T4,2.8,0.873,45,6.74,,,,AA6061-T6,2.7,0.04208,AA5052,0.3175,0.00508,2.68,1.27,AA6061-T6,2.7,40,0.04064,P,1
NASA-TM-2009-214793,7629,AA2017-T4,2.8,0.883,0,6.91,,,,AA6061-T6,2.7,0.04208,AA5052,0.3175,0.00508,2.68,1.27,AA6061-T6,2.7,40,0.04064,P,1
NASA-TM-2009-214793,3141,AA2017-T4,2.8,0.794,0,6.82,,,,AA6061-T6,2.7,0.0412,AA5052,0.3175,0.00508,2.68,1.27,AA6061-T6,2.7,40,0.04064,N/A,0
NASA-TM-2009-214793,3142,AA2017-T4,2.8,0.913,0,6.86,,,,AA6061-T6,2.7,0.0412,AA5052,0.3175,0.00508,2.68,1.27,AA6061-T6,2.7,40,0.04064,N/A,0
NASA-TM-2009-214793,4165,AA2017-T4,2.8,0.635,0,6.67,,,,AA6061-T6,2.7,0.0412,AA5052,0.3175,0.00508,2.68,1.27,AA6061-T6,2.7,40,0.04064,N/A,0
NASA-TM-2003-212440,1,AA1100-O,2.71,0.318,0,7.5,,,,Inconel,8.32,0.006,Inconel,0.635,0.00508,8.32,0.7112,Inconel617,8.32,49,0.006,N/A,0
NASA-TM-2003-212440,2,AA1100-O,2.71,0.475,0,7.4,,,,Inconel,8.32,0.006,Inconel,0.635,0.00508,8.32,0.7112,Inconel617,8.32,49,0.006,P,1
NASA-TM-2003-212440,4,AA1100-O,2.71,0.318,0,7.3,,,,Inconel,8.32,0.013,Inconel,0.635,0.00508,8.32,0.7112,Inconel617,8.32,49,0.013,P,1
NASA-TM-2003-212440,6,AA1100-O,2.71,0.475,0,7.5,,,,Inconel,8.32,0.013,Inconel,0.635,0.00508,8.32,0.7112,Inconel617,8.32,49,0.013,P,1
NASA-TM-2003-212440,7,AA1100-O,2.71,0.318,0,7.6,,,,Inconel,8.32,0.025,Inconel,0.635,0.00508,8.32,0.7112,Inconel617,8.32,49,0.026,P,1
NASA-TM-2003-212440,8,AA1100-O,2.71,0.475,0,7.9,,,,Inconel,8.32,0.025,Inconel,0.635,0.00508,8.32,0.7112,Inconel617,8.32,49,0.026,P,1
NASA-TM-2003-212440,9,AA1100-O,2.71,0.635,0,7.2,,,,Inconel,8.32,0.025,Inconel,0.635,0.00508,8.32,0.7112,Inconel617,8.32,49,0.026,P,1
NASA-TM-2003-212440,10,AA1100-O,2.71,0.318,0,7.3,,,,Inconel,8.32,0.013,Inconel,0.47625,0.00381,8.32,0.7112,Inconel617,8.32,49,0.013,P,1
NASA-TM-2003-212440,11,AA1100-O,2.71,0.475,0,7.4,,,,Inconel,8.32,0.013,Inconel,0.47625,0.00381,8.32,0.7112,Inconel617,8.32,49,0.013,P,1
NASA-TM-2003-212440,12,AA1100-O,2.71,0.635,0,7.4,,,,Inconel,8.32,0.013,Inconel,0.47625,0.00381,8.32,0.7112,Inconel617,8.32,49,0.013,P,1
NASA-TM-2003-212440,14,AA1100-O,2.71,0.475,0,7.5,,,,Titanium,4.54,0.008,Titanium,0.47625,0.00381,4.54,0.4318,Ti-6Al-4V,4.54,128,0.008,P,1
NASA-TM-2003-212440,16,AA1100-O,2.71,0.318,0,7.6,,,,Titanium,4.54,0.013,Titanium,0.47625,0.00381,4.54,0.7112,Ti-6Al-4V,4.54,128,0.013,P,1
NASA-TM-2003-212440,17,AA1100-O,2.71,0.475,0,7.1,,,,Titanium,4.54,0.013,Titanium,0.47625,0.00381,4.54,0.7112,Ti-6Al-4V,4.54,128,0.013,P,1
NASA-TM-2003-212440,18,AA1100-O,2.71,0.635,0,7.4,,,,Titanium,4.54,0.013,Titanium,0.47625,0.00381,4.54,0.7112,Ti-6Al-4V,4.54,128,0.013,P,1
NASA-TM-2003-212440,19,AA1100-O,2.71,0.318,0,7.8,,,,Titanium,4.54,0.036,Titanium,0.47625,0.00381,4.54,0.4318,Ti-6Al-4V,4.54,128,0.036,P,1
NASA-TM-2003-212440,20,AA1100-O,2.71,0.475,0,7.6,,,,Titanium,4.54,0.036,Titanium,0.47625,0.00381,4.54,0.4318,Ti-6Al-4V,4.54,128,0.036,P,1
NASA-TM-2003-212440,21,AA1100-O,2.71,0.635,0,7.6,,,,Titanium,4.54,0.036,Titanium,0.47625,0.00381,4.54,0.4318,Ti-6Al-4V,4.54,128,0.036,P,1
NASA-TM-2003-212440,26,AA1100-O,2.71,0.318,0,7,,,,Inconel,8.32,0.013,Inconel,0.47625,0.00381,8.32,0.7112,Inconel617,8.32,49,0.013,P,1
NASA-TM-2003-212440,27,AA1100-O,2.71,0.318,0,7.1,,,,Inconel,8.32,0.013,Inconel,0.47625,0.00381,8.32,0.7112,Inconel617,8.32,49,0.013,P,1
NASA-TM-2003-212440,31,AA1100-O,2.71,0.318,0,7,,,,Inconel,8.32,0.013,Inconel,0.47625,0.00381,8.32,0.7112,Inconel617,8.32,49,0.013,P,1
NASA-TM-2003-212440,33,AA1100-O,2.71,0.318,0,7.1,,,,Inconel,8.32,0.013,Inconel,0.47625,0.00381,8.32,0.7112,Inconel617,8.32,49,0.013,P,1
Ratigan_JSEE_1992-Pt1,A873,AA2017-T4,2.8,0.1,45,6.9,,,,AA2024-T81,2.77,0.025,AA5052,0.3175,0.01778,2.68,1.8,AA2024-T81,2.78,65,0.025,N/A,0
Ratigan_JSEE_1992-Pt1,A875,AA2017-T4,2.8,0.1,0,7,,,,AA2024-T81,2.77,0.025,AA5052,0.3175,0.01778,2.68,1.8,AA2024-T81,2.78,65,0.025,N/A,0
Ratigan_JSEE_1992-Pt1,A876,AA2017-T4,2.8,0.1,45,6.73,,,,AA2024-T81,2.77,0.025,AA5052,0.3175,0.01778,2.68,1.8,AA2024-T81,2.78,65,0.025,N/A,0
Ratigan_JSEE_1992-Pt1,A877,AA2017-T4,2.8,0.1,0,6.85,,,,AA2024-T81,2.77,0.025,AA5052,0.3175,0.01778,2.68,1.8,AA2024-T81,2.78,65,0.025,N/A,0
Ratigan_JSEE_1992-Pt1,A880,AA2017-T4,2.8,0.1,45,6.8,,,,AA2024-T81,2.77,0.025,AA5052,0.3175,0.01778,2.68,1.8,AA2024-T81,2.78,65,0.025,N/A,0
Ratigan_JSEE_1992-Pt1,A882,AA2017-T4,2.8,0.1,45,5.9,,,,AA2024-T81,2.77,0.025,AA5052,0.3175,0.01778,2.68,1.8,AA2024-T81,2.78,65,0.025,N/A,0
Ratigan_JSEE_1992-Pt1,A883,AA2017-T4,2.8,0.1,45,6.9,,,,AA2024-T81,2.77,0.025,AA5052,0.3175,0.01778,2.68,1.8,AA2024-T81,2.78,65,0.025,N/A,0
Ratigan_JSEE_1992-Pt1,A884,AA2017-T4,2.8,0.1,45,7.04,,,,AA2024-T81,2.77,0.025,AA5052,0.3175,0.01778,2.68,1.8,AA2024-T81,2.78,65,0.025,N/A,0
Ratigan_JSEE_1992-Pt1,A885,AA2017-T4,2.8,0.1,45,6.7,,,,AA2024-T81,2.77,0.025,AA5052,0.3175,0.01778,2.68,1.8,AA2024-T81,2.78,65,0.025,N/A,0
Ratigan_JSEE_1992-Pt1,A891,AA2017-T4,2.8,0.159,45,6.94,,,,AA2024-T81,2.77,0.025,AA5052,0.3175,0.01778,2.68,1.8,AA2024-T81,2.78,65,0.025,N/A,0
Ratigan_JSEE_1992-Pt1,A892,AA2017-T4,2.8,0.159,0,6.67,,,,AA2024-T81,2.77,0.025,AA5052,0.3175,0.01778,2.68,1.8,AA2024-T81,2.78,65,0.025,N/A,0
Ratigan_JSEE_1992-Pt1,A897,AA2017-T4,2.8,0.125,45,6.77,,,,AA2024-T81,2.77,0.025,AA5052,0.3175,0.01778,2.68,1.8,AA2024-T81,2.78,65,0.025,N/A,0
Ratigan_JSEE_1992-Pt2,A1033,AA2017-T4,2.8,0.142,45,7.8,,,,AA2024-T81,2.77,0.025,AA5052,0.3175,0.01778,2.68,1.8,AA2024-T81,2.78,65,0.025,P,1
Ratigan_JSEE_1992-Pt2,A1034,AA2017-T4,2.8,0.159,45,6,,,,AA2024-T81,2.77,0.025,AA5052,0.3175,0.01778,2.68,1.8,AA2024-T81,2.78,65,0.025,P,1
Ratigan_JSEE_1992-Pt2,A1048,AA2017-T4,2.8,0.1,45,6.5,,,,AA2024-T81,2.77,0.025,AA5052,0.3175,0.01778,2.68,1.8,AA2024-T81,2.78,65,0.025,P,1
Ratigan_JSEE_1992-Pt2,A1049,AA2017-T4,2.8,0.159,45,6.4,,,,AA2024-T81,2.77,0.025,AA5052,0.3175,0.01778,2.68,1.8,AA2024-T81,2.78,65,0.025,P,1
Ratigan_JSEE_1992-Pt2,A1050,AA2017-T4,2.8,0.238,45,6.2,,,,AA2024-T81,2.77,0.025,AA5052,0.3175,0.01778,2.68,1.8,AA2024-T81,2.78,65,0.025,NP,0
Ratigan_JSEE_1992-Pt2,A1051,AA2017-T4,2.8,0.159,45,6.9,,,,AA2024-T81,2.77,0.025,AA5052,0.3175,0.01778,2.68,1.8,AA2024-T81,2.78,65,0.025,NP,0
Ratigan_JSEE_1992-Pt2,A1052,AA2017-T4,2.8,0.238,45,6.1,,,,AA2024-T81,2.77,0.025,AA5052,0.3175,0.01778,2.68,1.8,AA2024-T81,2.78,65,0.025,P,1
Ratigan_JSEE_1992-Pt2,A1054,AA2017-T4,2.8,0.159,45,6.6,,,,AA2024-T81,2.77,0.025,AA5052,0.3175,0.01778,2.68,1.8,AA2024-T81,2.78,65,0.025,P,1
Ratigan_JSEE_1992-Pt2,A1056,AA2017-T4,2.8,0.159,45,6.8,,,,AA2024-T81,2.77,0.025,AA5052,0.3175,0.01778,2.68,1.8,AA2024-T81,2.78,65,0.025,P,1
Ratigan_JSEE_1992-Pt2,A1057,AA2017-T4,2.8,0.159,60,6.4,,,,AA2024-T81,2.77,0.025,AA5052,0.3175,0.01778,2.68,1.8,AA2024-T81,2.78,65,0.025,NP,0
Ratigan_JSEE_1992-Pt2,A1070,AA2017-T4,2.8,0.238,60,7,,,,AA2024-T81,2.77,0.025,AA5052,0.3175,0.01778,2.68,1.8,AA2024-T81,2.78,65,0.025,P,1
Ratigan_JSEE_1992-Pt2,A1071,AA2017-T4,2.8,0.2,60,6.5,,,,AA2024-T81,2.77,0.025,AA5052,0.3175,0.01778,2.68,1.8,AA2024-T81,2.78,65,0.025,P,1
Ratigan_JSEE_1992-Pt2,A1072,AA2017-T4,2.8,0.2,60,6.6,,,,AA2024-T81,2.77,0.025,AA5052,0.3175,0.01778,2.68,1.8,AA2024-T81,2.78,65,0.025,NP,0
Ratigan_JSEE_1992-Pt2,A1073,AA2017-T4,2.8,0.2,60,5.9,,,,AA2024-T81,2.77,0.025,AA5052,0.3175,0.01778,2.68,1.8,AA2024-T81,2.78,65,0.025,P,1
Ratigan_JSEE_1992-Pt2,A1075,AA2017-T4,2.8,0.2,60,6.5,,,,AA2024-T81,2.77,0.025,AA5052,0.3175,0.01778,2.68,1.8,AA2024-T81,2.78,65,0.025,P,1
Ratigan_JSEE_1992-Pt2,A1089,AA2017-T4,2.8,0.2,60,6.5,,,,AA2024-T81,2.77,0.025,AA5052,0.3175,0.01778,2.68,1.8,AA2024-T81,2.78,65,0.025,P,1
Ratigan_JSEE_1992-Pt2,A1092,AA2017-T4,2.8,0.159,0,6.7,,,,AA2024-T81,2.77,0.025,AA5052,0.3175,0.01778,2.68,1.8,AA2024-T81,2.78,65,0.025,NP,0
Ratigan_JSEE_1992-Pt2,A1093,AA2017-T4,2.8,0.159,45,6.9,,,,AA2024-T81,2.77,0.025,AA5052,0.3175,0.01778,2.68,1.8,AA2024-T81,2.78,65,0.025,NP,0
Ratigan_JSEE_1992-Pt2,A1094,AA2017-T4,2.8,0.2,45,6.8,,,,AA2024-T81,2.77,0.025,AA5052,0.3175,0.01778,2.68,1.8,AA2024-T81,2.78,65,0.025,P,1
Ratigan_JSEE_1992-Pt2,A1095,AA2017-T4,2.8,0.2,45,5.2,,,,AA2024-T81,2.77,0.025,AA5052,0.3175,0.01778,2.68,1.8,AA2024-T81,2.78,65,0.025,P,1
Ratigan_JSEE_1992-Pt2,A1096,AA2017-T4,2.8,0.238,75,6.6,,,,AA2024-T81,2.77,0.025,AA5052,0.3175,0.01778,2.68,1.8,AA2024-T81,2.78,65,0.025,P,1
Ratigan_JSEE_1992-Pt2,A1097,AA2017-T4,2.8,0.238,75,6.8,,,,AA2024-T81,2.77,0.025,AA5052,0.3175,0.01778,2.68,1.8,AA2024-T81,2.78,65,0.025,P,1
Ratigan_JSEE_1992-Pt2,A1099,AA2017-T4,2.8,0.18,0,6.8,,,,AA2024-T81,2.77,0.025,AA5052,0.3175,0.01778,2.68,1.8,AA2024-T81,2.78,65,0.025,NP,0
Ratigan_JSEE_1992-Pt2,A1101,AA2017-T4,2.8,0.18,45,6.6,,,,AA2024-T81,2.77,0.025,AA5052,0.3175,0.01778,2.68,1.8,AA2024-T81,2.78,65,0.025,NP,0
Ratigan_JSEE_1992-Pt2,A1104,AA2017-T4,2.8,0.2,45,6.6,,,,AA2024-T81,2.77,0.025,AA5052,0.3175,0.01778,2.68,1.8,AA2024-T81,2.78,65,0.025,P,1
Ratigan_JSEE_1992-Pt2,A1105,AA2017-T4,2.8,0.2,45,3.4,,,,AA2024-T81,2.77,0.025,AA5052,0.3175,0.01778,2.68,1.8,AA2024-T81,2.78,65,0.025,P,1
Ratigan_JSEE_1992-Pt2,A1106,AA2017-T4,2.8,0.2,45,7.2,,,,AA2024-T81,2.77,0.025,AA5052,0.3175,0.01778,2.68,1.8,AA2024-T81,2.78,65,0.025,P,1
Ratigan_JSEE_1992-Pt2,A1108,AA2017-T4,2.8,0.2,45,7,,,,AA2024-T81,2.77,0.025,AA5052,0.3175,0.01778,2.68,1.8,AA2024-T81,2.78,65,0.025,P,1
Ratigan_JSEE_1992-Pt2,A1109,AA2017-T4,2.8,0.2,45,6.7,,,,AA2024-T81,2.77,0.025,AA5052,0.3175,0.01778,2.68,1.8,AA2024-T81,2.78,65,0.025,P,1
Ratigan_JSEE_1992-Pt2,A1186,AA2017-T4,2.8,0.2,45,6.1,,,,AA2024-T81,2.77,0.025,AA5052,0.3175,0.01778,2.68,1.8,AA2024-T81,2.78,65,0.025,P,1
Ratigan_JSEE_1992-Pt2,A1188,AA2017-T4,2.8,0.2,45,3.7,,,,AA2024-T81,2.77,0.025,AA5052,0.3175,0.01778,2.68,1.8,AA2024-T81,2.78,65,0.025,P,1
Hyde_HVIS_2015,HITF11393,AA2017-T4,2.8,0.4,65,0.03,,,,AA2024-T81,2.77,0.028,AA5056-H39,0.3175,0.01778,2.64,1.27,AA2024-T81,2.78,65,0.028,P,1
Hyde_HVIS_2015,HITF11396,AA2017-T4,2.8,0.4,70,7.03,,,,AA2024-T81,2.77,0.028,AA5056-H39,0.3175,0.01778,2.64,1.27,AA2024-T81,2.78,65,0.028,NP,0
Hyde_HVIS_2015,HITF11397,AA2017-T4,2.8,1,45,6.98,,,,AA2024-T81,2.77,0.028,AA5056-H39,0.3175,0.01778,2.64,1.27,AA2024-T81,2.78,65,0.028,P,1
NASA-TP-2008-214776,5292-1,AA2017-T4,2.8,0.15,0,6.74,,,,Ti-6Al-2Sn-4Zr-2Mo,4.54,0.08636,Titanium,???,???,???,1.27,Ti-6Al-2Sn-4Zr-2Mo,4.54,125,0.09,NP,0
NASA-TP-2008-214776,5292-2,AA2017-T4,2.8,0.16,45,6.79,,,,Ti-6Al-2Sn-4Zr-2Mo,4.54,0.08636,Titanium,???,???,???,1.27,Ti-6Al-2Sn-4Zr-2Mo,4.54,125,0.09,NP,0
NASA-TP-2008-214776,5292-3,AA2017-T4,2.8,0.17,60,6.9,,,,Ti-6Al-2Sn-4Zr-2Mo,4.54,0.08636,Titanium,???,???,???,1.27,Ti-6Al-2Sn-4Zr-2Mo,4.54,125,0.09,P,1