source,shotID,proj_mat,proj_density,proj_diam,angle,velocity,bumper_mat,bumper_density,bumper_thick,standoff,wall_mat,wall_density,wall_yield,wall_thick,result,perforated_class
-,-,-,g/cm3,cm,deg,km/s,-,g/cm3,cm,cm,-,g/cm3,ksi,cm,-,-
CR-65222,E-5,Al2017,2.796,0.318,0,0.72,Al1100-O,2.71,0.0305,5.08,AA7075-T6,2.81,75,0.635,NP,0
CR-65222,E-2,Al2017,2.796,0.318,0,1.09,Al1100-O,2.71,0.0635,5.08,AA7075-T6,2.81,75,0.635,NP,0
CR-65222,E-3,Al2017,2.796,0.318,0,1.1,Al1100-O,2.71,0.102,5.08,AA7075-T6,2.81,75,0.635,NP,0
CR-65222,E-4,Al2017,2.796,0.318,0,1.1,Al1100-O,2.71,0.159,5.08,AA7075-T6,2.81,75,0.635,NP,0
CR-65222,E-1,Al2017,2.796,0.318,0,1.15,Al1100-O,2.71,0.0305,5.08,AA7075-T6,2.81,75,0.635,NP,0
CR-65222,E-11,Al2017,2.796,0.318,0,1.87,Al1100-O,2.71,0.102,5.08,AA7075-T6,2.81,75,0.635,NP,0
CR-65222,E-9,Al2017,2.796,0.318,0,1.89,Al1100-O,2.71,0.0305,5.08,AA7075-T6,2.81,75,1.27,NP,0
CR-65222,E-52,Al2017,2.796,0.318,0,1.9,Al1100-O,2.71,0.0635,5.08,AA7075-T6,2.81,75,0.318,NP,0
CR-65222,E-53,Al2017,2.796,0.318,0,1.9,Al1100-O,2.71,0.0635,5.08,AA7075-T6,2.81,75,0.381,NP,0
CR-65222,E-12,Al2017,2.796,0.318,0,1.92,Al1100-O,2.71,0.159,5.08,AA7075-T6,2.81,75,0.635,NP,0
CR-65222,E-10,Al2017,2.796,0.318,0,1.94,Al1100-O,2.71,0.0635,5.08,AA7075-T6,2.81,75,1.27,NP,0
CR-65222,E-14,Al2017,2.796,0.318,0,2.07,Al1100-O,2.71,0.0635,5.08,AA7075-T6,2.81,75,1.27,NP,0
CR-65222,E-49,Al2017,2.796,0.318,0,2.12,Al1100-O,2.71,0.159,5.08,AA7075-T6,2.81,75,0.254,NP,0
CR-65222,E-50,Al2017,2.796,0.318,0,2.14,Al1100-O,2.71,0.159,5.08,AA7075-T6,2.81,75,0.318,NP,0
CR-65222,E-41,Al2017,2.796,0.318,0,2.4,Al1100-O,2.71,0.0635,5.08,AA7075-T6,2.81,75,0.381,NP,0
CR-65222,E-46,Al2017,2.796,0.318,0,2.47,Al1100-O,2.71,0.102,5.08,AA7075-T6,2.81,75,0.381,NP,0
CR-65222,E-42,Al2017,2.796,0.318,0,2.52,Al1100-O,2.71,0.0635,5.08,AA7075-T6,2.81,75,0.445,NP,0
CR-65222,E-45,Al2017,2.796,0.318,0,2.59,Al1100-O,2.71,0.102,5.08,AA7075-T6,2.81,75,0.318,NP,0
CR-65222,E-13,Al2017,2.796,0.318,0,2.68,Al1100-O,2.71,0.0305,5.08,AA7075-T6,2.81,75,1.27,NP,0
CR-65222,E-15,Al2017,2.796,0.318,0,2.72,Al1100-O,2.71,0.102,5.08,AA7075-T6,2.81,75,0.635,NP,0
CR-65222,E-16,Al2017,2.796,0.318,0,2.75,Al1100-O,2.71,0.159,5.08,AA7075-T6,2.81,75,0.635,NP,0
CR-65222,D-910,Al2017,2.796,0.318,0,2.78,Al1100-O,2.71,0.102,5.08,AA7075-T6,2.81,75,1.27,NP,0
CR-65222,D-917,Al2017,2.796,0.318,0,2.85,Al1100-O,2.71,0.16,5.08,AA7075-T6,2.81,75,1.27,NP,0
CR-65222,D-916,Al2017,2.796,0.318,0,2.91,Al1100-O,2.71,0.0305,5.08,AA7075-T6,2.81,75,1.27,NP,0
CR-65222,D-947,Al2017,2.796,0.318,0,2.91,Al1100-O,2.71,0.0305,5.08,AA7075-T6,2.81,75,1.27,NP,0
CR-65222,D-1114,Nylon,1.145,0.419,0,2.92,Al1100-O,2.71,0.102,5.08,AA7075-T6,2.81,75,0.635,NP,0
CR-65222,D-992,Al2017,2.796,0.318,0,3,Al1100-O,2.71,0.0305,5.08,AA7075-T6,2.81,75,0.635,NP,0
CR-65222,D-1118,Al,2.796,0.318,0,3.11,Al1100-O,2.71,0.0635,5.08,AA7075-T6,2.81,75,1.27,NP,0
CR-65222,D-1046,Cd,8.64,0.318,0,3.18,Cd,8.64,0.0635,5.08,AA7075-T6,2.81,75,1.27,NP,0
CR-65222,D-1117,Al,2.796,0.318,0,3.26,Al1100-O,2.71,0.0635,5.08,AA7075-T6,2.81,75,1.27,NP,0
CR-65222,D-1119,Al,2.796,0.318,0,3.29,Al1100-O,2.71,0.0635,5.08,AA7075-T6,2.81,75,1.27,NP,0
CR-65222,D-1120,Al,2.796,0.318,0,3.38,Al1100-O,2.71,0.0635,5.08,AA7075-T6,2.81,75,1.27,NP,0
CR-65222,D-1048,Cd,8.64,0.4,0,3.44,Cd,8.64,0.0762,5.08,AA7075-T6,2.81,75,0.635,NP,0
CR-65222,D-1052,Ti,4.528,0.262,0,3.49,Al1100-O,2.71,0.102,5.08,AA7075-T6,2.81,75,0.635,NP,0
CR-65222,D-1222,Cd,8.64,0.318,0,3.55,Cd,8.64,0.033,5.08,AA7075-T6,2.81,75,0.635,NP,0
CR-65222,D-1230,Cd,8.64,0.318,0,3.6,Cd,8.64,0.033,5.08,AA7075-T6,2.81,75,1.27,NP,0
CR-65222,D-1056,Al,2.796,0.305,0,3.62,Al1100-O,2.71,0.102,5.08,AA7075-T6,2.81,75,0.635,NP,0
CR-65222,D-994,Pyrex,2.23,0.318,0,3.63,Al1100-O,2.71,0.0635,5.08,AA7075-T6,2.81,75,0.635,NP,0
CR-65222,D-1154,Cd,8.64,0.318,0,3.69,Cd,8.64,0.033,5.08,AA7075-T6,2.81,75,1.27,NP,0
CR-65222,D-997,Al2017,2.796,0.318,0,3.76,Al1100-O,2.71,0.0635,5.08,AA7075-T6,2.81,75,0.635,NP,0
CR-65222,D-1153,Cd,8.64,0.256,0,3.84,Cd,8.64,0.0635,5.08,AA7075-T6,2.81,75,0.16,NP,0
CR-65222,D-1156,Cd,8.64,0.318,0,3.87,Cd,8.64,0.033,5.08,AA7075-T6,2.81,75,1.27,NP,0
CR-65222,D-993,Al2017,2.796,0.318,0,3.87,Al1100-O,2.71,0.0635,5.08,AA7075-T6,2.81,75,0.635,NP,0
CR-65222,D-950,Al2017,2.796,0.318,0,3.99,Al1100-O,2.71,0.0635,5.08,AA7075-T6,2.81,75,1.27,NP,0
CR-65222,D-1051,Cu,8.79,0.208,0,4.17,Al1100-O,2.71,0.102,5.08,AA7075-T6,2.81,75,0.635,NP,0
CR-65222,D-1456,Cd,8.64,0.256,0,4.27,Cd,8.64,0.0635,15.2,AA7075-T6,2.81,75,0.159,NP,0
CR-65222,D-1231,Al,2.796,0.159,0,4.36,Al1100-O,2.71,0.0305,5.08,AA7075-T6,2.81,75,1.27,NP,0
CR-65222,D-976,Al2017,2.796,0.318,0,4.57,Al1100-O,2.71,0.0635,5.08,AA7075-T6,2.81,75,0.635,NP,0
CR-65222,D-1393,Inlyte,0.79,0.49,0,4.68,Al1100-O,2.71,0.0305,5.08,AA7075-T6,2.81,75,0.635,NP,0
CR-65222,D-1233,Al,2.796,0.159,0,4.69,Al1100-O,2.71,0.0152,5.08,AA7075-T6,2.81,75,0.318,NP,0
CR-65222,D-1391,Inlyte,0.79,0.49,0,4.69,Al1100-O,2.71,0.0635,5.08,AA7075-T6,2.81,75,0.635,NP,0
CR-65222,D-913,Al2017,2.796,0.318,0,4.72,Al1100-O,2.71,0.0635,5.08,AA7075-T6,2.81,75,1.27,NP,0
CR-65222,D-915,Al2017,2.796,0.318,0,4.72,Al1100-O,2.71,0.16,5.08,AA7075-T6,2.81,75,1.27,NP,0
CR-65222,D-912,Al2017,2.796,0.318,0,4.76,Al1100-O,2.71,0.102,5.08,AA7075-T6,2.81,75,0.635,NP,0
CR-65222,D-914,Al2017,2.796,0.318,0,4.82,Al1100-O,2.71,0.0305,5.08,AA7075-T6,2.81,75,1.27,NP,0
CR-65222,D-1461,Al2024-T3,2.78,0.523,0,4.91,Al1100-O,2.71,0.159,10.2,AA2024-T3,2.796,47,2.54,NP,0
CR-65222,D-1224,Pyrex,2.23,0.318,0,4.92,Al1100-O,2.71,0.0635,5.08,AA7075-T6,2.81,75,0.635,NP,0
CR-65222,D-1155,Cd,8.64,0.318,0,5.12,Cd,8.64,0.0635,5.08,AA7075-T6,2.81,75,1.27,NP,0
CR-65222,D-1223,Cd,8.64,0.318,0,5.12,Cd,8.64,0.0635,5.08,AA7075-T6,2.81,75,0.635,NP,0
CR-65222,D-1389,Al,2.796,0.318,0,5.18,Al1100-O,2.71,0.0635,5.08,AA7075-T6,2.81,75,1.27,NP,0
CR-65222,D-1453,Cd,8.64,0.318,0,5.18,Cd,8.64,0.033,5.08,AA7075-T6,2.81,75,1.27,NP,0
CR-65222,D-921,Al2017,2.796,0.318,0,5.18,Al1100-O,2.71,0.16,5.08,AA7075-T6,2.81,75,1.27,NP,0
CR-65222,D-1398,Al,2.796,0.318,0,5.21,Al1100-O,2.71,0.159,5.08,AA7075-T6,2.81,75,1.27,NP,0
CR-65222,D-999,Cd,8.64,0.318,0,5.34,Cd,8.64,0.033,5.08,AA7075-T6,2.81,75,1.27,NP,0
CR-65222,D-911,Al2017,2.796,0.318,0,5.43,Al1100-O,2.71,0.102,5.08,AA7075-T6,2.81,75,1.27,NP,0
CR-65222,D-1044,Cd,8.64,0.318,0,5.48,Cd,8.64,0.0635,5.08,AA7075-T6,2.81,75,1.27,NP,0
CR-65222,D-1019,Cd,8.64,0.318,0,5.61,Cd,8.64,0.033,5.08,AA7075-T6,2.81,75,1.27,NP,0
CR-65222,D-1121,Al,2.796,0.318,0,5.61,Al1100-O,2.71,0.0635,5.08,AA7075-T6,2.81,75,1.27,NP,0
CR-65222,D-1123,Al,2.796,0.318,0,5.61,Al1100-O,2.71,0.0635,5.08,AA7075-T6,2.81,75,1.27,NP,0
CR-65222,D-1122,Al,2.796,0.318,0,5.64,Al1100-O,2.71,0.0635,5.08,AA7075-T6,2.81,75,1.27,NP,0
CR-65222,D-1325,Cd,8.64,0.318,0,5.7,Cd,8.64,0.0635,5.08,AA7075-T6,2.81,75,1.27,NP,0
CR-65222,D-1327,Cd,8.64,0.318,0,5.76,Cd,8.64,0.0635,5.08,AA7075-T6,2.81,75,1.27,NP,0
CR-65222,D-1225,Al,2.796,0.318,0,5.88,Al1100-O,2.71,0.102,2.54,AA7075-T6,2.81,75,1.27,NP,0
CR-65222,D-1115,Nylon,1.145,0.419,0,6.1,Al1100-O,2.71,0.102,5.08,AA7075-T6,2.81,75,0.635,NP,0
CR-65222,D-1226,Al,2.796,0.318,0,6.1,Cd,8.64,0.033,1.27,AA7075-T6,2.81,75,1.27,NP,0
CR-65222,D-919,Al2017,2.796,0.318,0,6.28,Al1100-O,2.71,0.0635,5.08,AA7075-T6,2.81,75,1.27,NP,0
CR-65222,D-1349,Nylon,1.145,0.419,0,6.31,Al1100-O,2.71,0.102,5.18,AA7075-T6,2.81,75,1.27,NP,0
CR-65222,D-1045,Cd,8.64,0.318,0,6.4,Cd,8.64,0.0635,5.08,AA7075-T6,2.81,75,1.27,NP,0
CR-65222,D-1454,Cd,8.64,0.318,0,6.4,Cd,8.64,0.0635,5.08,AA7075-T6,2.81,75,1.27,NP,0
CR-65222,D-996,Al2017,2.796,0.318,0,6.46,Al1100-O,2.71,0.102,1.27,AA7075-T6,2.81,75,0.635,NP,0
CR-65222,D-1047,Cd,8.64,0.318,0,6.49,Cd,8.64,0.0635,5.08,AA7075-T6,2.81,75,0.635,NP,0
CR-65222,D-1235,Al,2.796,0.159,0,6.5,Al1100-O,2.71,0.0305,5.08,AA7075-T6,2.81,75,0.318,NP,0
CR-65222,D-1455,Cd,8.64,0.318,0,6.53,Cd,8.64,0.0635,5.08,AA7075-T6,2.81,75,1.27,NP,0
CR-65222,D-1457,Cd,8.64,0.318,0,6.53,Cd,8.64,0.0635,5.08,AA7075-T6,2.81,75,1.27,NP,0
CR-65222,D-995,Pyrex,2.23,0.318,0,6.58,Al1100-O,2.71,0.0635,5.08,AA7075-T6,2.81,75,0.635,NP,0
CR-65222,D-1236,Al,2.796,0.318,0,6.61,Al1100-O,2.71,0.0635,5.08,AA7075-T6,2.81,75,1.27,NP,0
CR-65222,D-977,Al2017,2.796,0.318,0,6.61,Al1100-O,2.71,0.0635,5.08,AA7075-T6,2.81,75,0.635,NP,0
CR-65222,D-1116,Nylon,1.145,0.419,0,6.8,Al1100-O,2.71,0.102,5.08,AA7075-T6,2.81,75,0.635,NP,0
CR-65222,D-1316,Al,2.796,0.318,0,6.88,Al1100-O,2.71,1.27,5.08,AA7075-T6,2.81,75,0.635,NP,0
CR-65222,D-1157,Al,2.796,0.318,0,6.89,Al1100-O,2.71,0.102,5.08,AA7075-T6,2.81,75,0.635,NP,0
CR-65222,D-920,Al2017,2.796,0.318,0,6.89,Al1100-O,2.71,0.0305,5.08,AA7075-T6,2.81,75,1.27,NP,0
CR-65222,D-1352,Al,2.796,0.318,0,7.07,Al1100-O,2.71,0.0635,1.27,AA7075-T6,2.81,75,1.27,NP,0
CR-65222,D-1054,Cu,8.79,0.208,0,7.1,Al1100-O,2.71,0.102,5.08,AA7075-T6,2.81,75,0.635,NP,0
CR-65222,D-1371,Nylon,1.145,0.419,0,7.13,Al1100-O,2.71,0.102,5.08,AA7075-T6,2.81,75,1.27,NP,0
CR-65222,D-1055,Al,2.796,0.305,0,7.16,Al1100-O,2.71,0.102,5.08,AA7075-T6,2.81,75,0.635,NP,0
CR-65222,D-1238,Al,2.796,0.318,0,7.19,Al1100-O,2.71,0.0635,5.08,AA7075-T6,2.81,75,1.27,NP,0
CR-65222,D-1239,Al,2.796,0.318,0,7.19,Al1100-O,2.71,0.0635,5.08,AA7075-T6,2.81,75,1.27,NP,0
CR-65222,D-1128,Al,2.796,0.318,0,7.29,Al1100-O,2.71,0.0635,5.08,AA7075-T6,2.81,75,1.27,NP,0
CR-65222,D-1336,Al,2.796,0.318,0,7.29,Al1100-O,2.71,0.0635,1.27,AA7075-T6,2.81,75,1.27,NP,0
CR-65222,D-903,Al2017,2.796,0.318,0,7.29,Al1100-O,2.71,0.0635,5.08,AA7075-T6,2.81,75,1.27,NP,0
CR-65222,D-1319,Al,2.796,0.318,0,7.38,Al1100-O,2.71,0.952,5.08,AA7075-T6,2.81,75,0.159,NP,0
CR-65222,D-1329,Al,2.796,0.318,0,7.38,Al7075-T6,2.81,0.635,5.08,AA7075-T6,2.81,75,0.159,NP,0
CR-65222,D-1350,Al,2.796,0.318,0,7.38,Al1100-O,2.71,0.102,2.54,AA7075-T6,2.81,75,1.27,NP,0
CR-65222,C-723,Al,2.796,0.318,0,7.41,Al1100-O,2.71,0.0635,5.08,AA7075-T6,2.81,75,0.0813,NP,0
CR-65222,D-1330,Al,2.796,0.318,0,7.44,Al7075-T6,2.81,1.27,5.08,AA7075-T6,2.81,75,0.159,NP,0
CR-65222,D-902,Al2017,2.796,0.318,0,7.46,Al1100-O,2.71,0.0635,5.08,AA7075-T6,2.81,75,1.27,NP,0
CR-65222,D-1332,Al,2.796,0.318,0,7.47,Al7075-T6,2.81,1.27,5.08,AA7075-T6,2.81,75,0.159,NP,0
CR-65222,D-1333,Al,2.796,0.318,0,7.47,Al1100-O,2.71,0.0635,1.27,AA7075-T6,2.81,75,1.27,NP,0
CR-65222,D-1351,Al,2.796,0.318,0,7.47,Al1100-O,2.71,0.102,1.27,AA7075-T6,2.81,75,1.27,NP,0
CR-65222,D-1125,Al,2.796,0.318,0,7.5,Al1100-O,2.71,0.0635,5.08,AA7075-T6,2.81,75,1.27,NP,0
CR-65222,D-1331,Al,2.796,0.318,0,7.5,Al7075-T6,2.81,0.952,5.08,AA7075-T6,2.81,75,0.159,NP,0
CR-65222,D-909,Al2017,2.796,0.318,0,7.5,Al1100-O,2.71,0.102,5.08,AA7075-T6,2.81,75,1.27,NP,0
CR-65222,D-1338,Al,2.796,0.318,0,7.53,Al1100-O,2.71,0.0635,5.08,AA7075-T6,2.81,75,0.952,NP,0
CR-65222,D-1366,Al,2.796,0.318,0,7.53,Al7075-T6,2.81,1.57,1.27,AA7075-T6,2.81,75,1.27,NP,0
CR-65222,D-1353,Al,2.796,0.318,0,7.56,Al7075-T6,2.81,1.46,1.27,AA7075-T6,2.81,75,1.27,NP,0
CR-65222,D-1396,Al,2.796,0.318,0,7.56,Al1100-O,2.71,0.0635,5.08,AA1100-O,2.71,5,1.27,NP,0
CR-65222,D-1404,Al,2.796,0.318,0,7.56,Al1100-O,2.71,0.0635,5.08,AA7075-T6,2.81,75,1.27,NP,0
CR-65222,D-948,Al2017,2.796,0.318,0,7.56,Al1100-O,2.71,0.0305,5.08,AA7075-T6,2.81,75,1.27,NP,0
CR-65222,D-979,Al2017,2.796,0.318,0,7.56,Al1100-O,2.71,0.16,5.08,AA7075-T6,2.81,75,0.635,NP,0
CR-65222,D-1314,Al,2.796,0.318,0,7.59,Al1100-O,2.71,0.952,5.08,AA7075-T6,2.81,75,0.635,NP,0
CR-65222,D-904,Al2017,2.796,0.318,0,7.6,Al1100-O,2.71,0.0635,5.08,AA7075-T6,2.81,75,1.27,NP,0
CR-65222,D-1397,Al,2.796,0.318,0,7.62,Al1100-O,2.71,0.159,5.08,AA7075-T6,2.81,75,1.27,NP,0
CR-65222,D-1368,Al,2.796,0.318,0,7.65,Al7075-T6,2.81,0.635,5.08,AA7075-T6,2.81,75,0.318,NP,0
CR-65222,D-980,Al2017,2.796,0.318,0,7.65,Al1100-O,2.71,0.0305,5.08,AA7075-T6,2.81,75,0.635,NP,0
CR-65222,D-878,Al2017,2.796,0.318,0,7.68,Al1100-O,2.71,0.0534,5.08,AA7075-T6,2.81,75,0.318,NP,0
CR-65222,D-973,Al2017,2.796,0.16,0,7.78,Al1100-O,2.71,0.0305,5.08,AA7075-T6,2.81,75,0.0407,NP,0
CR-65222,D-905,Al2017,2.796,0.318,0,7.8,Al1100-O,2.71,0.102,5.08,AA7075-T6,2.81,75,1.27,NP,0
CR-65222,D-975,Al2017,2.796,0.16,0,7.87,Al1100-O,2.71,0.0305,5.08,AA7075-T6,2.81,75,0.0407,NP,0
CR-65222,D-972,Al2017,2.796,0.16,0,7.89,Al1100-O,2.71,0.0305,5.08,AA7075-T6,2.81,75,0.0813,NP,0
CR-65222,D-1394,Inlyte,0.79,0.49,0,7.91,Al1100-O,2.71,0.0635,5.08,AA7075-T6,2.81,75,0.635,NP,0
CR-65222,C-722,Al,2.796,0.318,0,7.93,Al1100-O,2.71,0.0635,5.08,AA7075-T6,2.81,75,0.475,NP,0
Reimerdes_2006,4444,Al 99.9%,2.7,0.3,0,7,Al2024-T3,2.78,0.046,10,AA7075-T6,2.81,75,0.2,NP,0
Reimerdes_2006,4443,Al 99.9%,2.7,0.45,0,7.11,Al2024-T3,2.78,0.1,10,AA7075-T6,2.81,75,0.2,NP,0
Reimerdes_2006,4442,Al 99.9%,2.7,0.4,0,7.17,Al2024-T3,2.78,0.1,10,AA7075-T6,2.81,75,0.2,NP,0
Ryan_2011,HD9920118,Al2017-T4,2.796,0.3175,0,2.6,Al6061-T6,2.7,0.07874,5.08,AA6061-T6,2.7,40,0.4572,NP,0
Ryan_2011,HD9920117,Al2017-T4,2.796,0.3175,0,3,Al6061-T6,2.7,0.07874,5.08,AA6061-T6,2.7,40,0.4572,NP,0
Ryan_2011,HD9920060,Al2017-T4,2.796,0.3175,0,4.7,Al6061-T6,2.7,0.07874,5.08,AA6061-T6,2.7,40,0.254,NP,0
Ryan_2011,HD9920057,Al2017-T4,2.796,0.3175,0,5.5,Al6061-T6,2.7,0.07874,5.08,AA6061-T6,2.7,40,0.3175,NP,0
Ryan_2011,HD9920159,Al2017-T4,2.796,0.3175,0,6,Al6061-T6,2.7,0.07874,5.08,AA6061-T6,2.7,40,0.4064,NP,0
Ryan_2011,HD9920151,Al2017-T4,2.796,0.3175,0,6.6,Al6061-T6,2.7,0.07874,5.08,AA6061-T6,2.7,40,0.4064,NP,0
Ryan_2011,HD9920116,Al2017-T4,2.796,0.3175,0,6.9,Al6061-T6,2.7,0.07874,5.08,AA6061-T6,2.7,40,0.4572,NP,0
Ryan_2011,HD0020241,Al2017-T4,2.796,0.3175,45,2.32,Al6061-T6,2.7,0.07874,5.08,AA6061-T6,2.7,40,0.229,NP,0
Ryan_2011,HD0020154,Al2017-T4,2.796,0.3175,45,2.42,Al6061-T6,2.7,0.07874,5.08,AA6061-T6,2.7,40,0.406,NP,0
Ryan_2011,HD0120055,Al2017-T4,2.796,0.3175,45,2.48,Al6061-T6,2.7,0.07874,5.08,AA6061-T6,2.7,40,0.203,NP,0
Ryan_2011,HD0020112,Al2017-T4,2.796,0.3175,45,2.56,Al6061-T6,2.7,0.07874,5.08,AA6061-T6,2.7,40,0.318,NP,0
Ryan_2011,HD0020194,Al2017-T4,2.796,0.3175,45,2.63,Al6061-T6,2.7,0.07874,5.08,AA6061-T6,2.7,40,0.254,NP,0
Ryan_2011,HD0020048,Al2017-T4,2.796,0.3175,45,3,Al6061-T6,2.7,0.07874,5.08,AA6061-T6,2.7,40,0.406,NP,0
Ryan_2011,HD0020050,Al2017-T4,2.796,0.3175,45,4.6,Al6061-T6,2.7,0.07874,5.08,AA6061-T6,2.7,40,0.406,NP,0
Ryan_2011,HD0020152,Al2017-T4,2.796,0.3175,45,5.61,Al6061-T6,2.7,0.07874,5.08,AA6061-T6,2.7,40,0.406,NP,0
Ryan_2011,HD0020121,Al2017-T4,2.796,0.3175,45,5.69,Al6061-T6,2.7,0.07874,5.08,AA6061-T6,2.7,40,0.318,NP,0
Ryan_2011,HD0020051,Al2017-T4,2.796,0.3175,45,6,Al6061-T6,2.7,0.07874,5.08,AA6061-T6,2.7,40,0.229,NP,0
Ryan_2011,HD0020010,Al2017-T4,2.796,0.3175,45,6.5,Al6061-T6,2.7,0.07874,5.08,AA6061-T6,2.7,40,0.406,NP,0
Ryan_2011,HD0020122,Al2017-T4,2.796,0.3175,45,6.53,Al6061-T6,2.7,0.07874,5.08,AA6061-T6,2.7,40,0.254,NP,0
Ryan_2011,HD0020047,Al2017-T4,2.796,0.3175,45,6.6,Al6061-T6,2.7,0.07874,5.08,AA6061-T6,2.7,40,0.318,NP,0
Ryan_2011,HD0020053,Al2017-T4,2.796,0.3175,45,7.2,Al6061-T6,2.7,0.07874,5.08,AA6061-T6,2.7,40,0.318,NP,0
Ryan_2011,HD0020242,Al2017-T4,2.796,0.3175,60,2.27,Al6061-T6,2.7,0.04732,5.08,AA6061-T6,2.7,40,0.18,NP,0
Ryan_2011,HD0020116,Al2017-T4,2.796,0.3175,60,2.37,Al6061-T6,2.7,0.04535,5.08,AA6061-T6,2.7,40,0.229,NP,0
Ryan_2011,HD0020171,Al2017-T4,2.796,0.3175,60,2.63,Al6061-T6,2.7,0.04536,5.08,AA6061-T6,2.7,40,0.203,NP,0
Ryan_2011,HD0020219,Al2017-T4,2.796,0.3175,60,2.67,Al6061-T6,2.7,0.0451,5.08,AA6061-T6,2.7,40,0.16,NP,0
Ryan_2011,HD0020170,Al2017-T4,2.796,0.3175,60,2.93,Al6061-T6,2.7,0.04724,5.08,AA6061-T6,2.7,40,0.203,NP,0
Ryan_2011,HD0120079,Al2017-T4,2.796,0.3175,60,3.03,Al6061-T6,2.7,0.04723,5.08,AA6061-T6,2.7,40,0.18,NP,0
Ryan_2011,HD0020015,Al2017-T4,2.796,0.3175,60,3.1,Al6061-T6,2.7,0.04534,5.08,AA6061-T6,2.7,40,0.229,NP,0
Ryan_2011,HD9920275,Al2017-T4,2.796,0.3175,60,3.1,Al6061-T6,2.7,0.0458,5.08,AA6061-T6,2.7,40,0.254,NP,0
Ryan_2011,HD9920274,Al2017-T4,2.796,0.3175,60,4.3,Al6061-T6,2.7,0.04724,5.08,AA6061-T6,2.7,40,0.229,NP,0
Ryan_2011,HD0020062,Al2017-T4,2.796,0.3175,60,4.37,Al6061-T6,2.7,0.04531,5.08,AA6061-T6,2.7,40,0.18,NP,0
Ryan_2011,HD0020014,Al2017-T4,2.796,0.3175,60,4.5,Al6061-T6,2.7,0.0452,5.08,AA6061-T6,2.7,40,0.203,NP,0
Ryan_2011,HD0020195,Al2017-T4,2.796,0.3175,60,4.56,Al6061-T6,2.7,0.04579,5.08,AA6061-T6,2.7,40,0.229,NP,0
Ryan_2011,HD0020059,Al2017-T4,2.796,0.3175,60,5.94,Al6061-T6,2.7,0.045,5.08,AA6061-T6,2.7,40,0.229,NP,0
Ryan_2011,HD0020123,Al2017-T4,2.796,0.3175,60,6,Al6061-T6,2.7,0.0457,5.08,AA6061-T6,2.7,40,0.254,NP,0
Ryan_2011,HD9920273,Al2017-T4,2.796,0.3175,60,6.5,Al6061-T6,2.7,0.04717,5.08,AA6061-T6,2.7,40,0.203,NP,0
Ryan_2011,HD0020061,Al2017-T4,2.796,0.3175,60,6.95,Al6061-T6,2.7,0.04731,5.08,AA6061-T6,2.7,40,0.229,NP,0
TM-2000-209907,SS-190D,Al1100,2.71,0.475,0,2,Al6061-T6,2.7,0.2032,10.16,AA2219-T87,2.84,57,0.3175,NP,0
TM-2000-209907,SS-P-025C,Al6061-T6,2.7,0.475,0,2.59,Al6061-T6,2.7,0.16002,15.24,AA2219-T87,2.84,57,0.3175,NP,0
TM-2000-209907,SS-P-015,Al1100,2.71,0.3175,0,2.85,Al6061-T6,2.7,0.16002,15.24,AA2219-T87,2.84,57,0.3175,NP,0
TM-2000-209907,SS-P-028,Al1100,2.71,0.3175,0,3,Al6061-T6,2.7,0.16002,10.16,AA2219-T87,2.84,57,0.3175,NP,0
TM-2000-209907,SS-P-Ot5C,Al1100,2.71,0.3175,0,3.01,Al6061-T6,2.7,0.16002,15.24,AA2219-T87,2.84,57,0.3175,NP,0
TM-2000-209907,SS-P-O25A,Al6061-T6,2.7,0.475,0,3.27,Al6061-T6,2.7,0.16002,15.24,AA2219-T87,2.84,57,0.3175,NP,0
TM-2000-209907,SS-109B,Al1100,2.71,0.475,0,3.61,Al6061-T6,2.7,0.2032,10.16,AA2219-T87,2.84,57,0.3175,NP,0
TM-2000-209907,SS-P-025,Al6061-T6,2.7,0.475,0,3.71,Al6061-T6,2.7,0.16002,15.24,AA2219-T87,2.84,57,0.3175,NP,0
TM-2000-209907,SS-109A,Al1100,2.71,0.475,0,4.06,Al6061-T6,2.7,0.2032,10.16,AA2219-T87,2.84,57,0.3175,NP,0
TM-2000-209907,SS-P-027,Al1100,2.71,0.475,0,4.53,Al6061-T6,2.7,0.16002,10.16,AA2219-T87,2.84,57,0.3175,NP,0
TM-2000-209907,SS-148A,Al1100,2.71,0.635,0,5.74,Al6061-T6,2.7,0.16002,10.16,AA2219-T87,2.84,57,0.3175,NP,0
TM-2000-209907,SS-109,Al1100,2.71,0.475,0,7.39,Al6061-T6,2.7,0.2032,10.16,AA2219-T87,2.84,57,0.3175,NP,0
TP-2003-210788,A1342,Al2017T4,2.796,0.318,0,3.96,Not reported,2.713,0.127,10.16,AA2219-T87,2.796,52,0.318,NP,0
TP-2003-210788,A1222,Al2017T4,2.796,0.2,0,4.48,Not reported,2.713,0.036,6.4,AA2024-T3,2.796,47,0.318,NP,0
TP-2003-210788,1794,Al2017T4,2.796,0.159,0,5.02,Not reported,2.713,0.096,1.11,AA6061-T6,2.796,36,0.17,NP,0
TP-2003-210788,A1211,Al2017T4,2.796,0.2,0,5.06,Not reported,2.713,0.036,6.4,AA2024-T3,2.796,47,0.483,NP,0
TP-2003-210788,A1221,Al2017T4,2.796,0.2,0,5.42,Not reported,2.713,0.036,6.4,AA2024-T3,2.796,47,0.318,NP,0
TP-2003-210788,A337,glass,2.25,0.079,0,5.44,Not reported,2.78,0.025,2.54,AA2024-T4,2.713,47,0.025,NP,0
TP-2003-210788,1797,Al2017T4,2.796,0.159,0,5.51,Not reported,2.713,0.096,1.11,AA6061-T6,2.796,36,0.17,NP,0
TP-2003-210788,A358,glass,2.25,0.04,0,5.56,Not reported,2.78,0.015,2.54,AA2024-T4,2.713,47,0.015,NP,0
TP-2003-210788,A1199,Al2017T4,2.796,0.2,0,5.7,Not reported,2.713,0.016,6.4,AA2024-T3,2.796,47,0.483,NP,0
TP-2003-210788,AV26,glass,2.25,0.127,0,5.72,Not reported,2.78,0.042,2.54,AA7178-T6,2.713,70,0.042,NP,0
TP-2003-210788,85-13,Al,2.78,0.635,0,5.88,Not reported,2.713,0.159,15.24,AA2219-T87,2.852,52,0.318,NP,0
TP-2003-210788,1796,Al2017T4,2.796,0.159,0,5.96,Not reported,2.713,0.095,1.11,AA6061-T6,2.713,36,0.17,NP,0
TP-2003-210788,85-24F,Al,2.78,0.635,0,6,Not reported,2.713,0.159,15.24,AA2219-T87,2.852,52,0.318,NP,0
TP-2003-210788,A1560,Al2017T4,2.796,0.357,0,6.08,Not reported,2.713,0.127,3.81,AA6061-T6,2.713,36,0.229,NP,0
TP-2003-210788,A1210,Al2017T4,2.796,0.318,0,6.27,Not reported,2.713,0.051,10.18,AA2024-T3,2.796,47,0.2,NP,0
TP-2003-210788,A1674,Al2017T4,2.796,0.318,0,6.3,Not reported,2.713,0.064,10.16,AA2024-T3,2.796,47,0.16,NP,0
TP-2003-210788,A1463,Al2017T4,2.796,0.318,0,6.31,Not reported,2.713,0.081,5.08,AA2024-T3,2.796,47,0.254,NP,0
TP-2003-210788,A1603,Al2017T4,2.796,0.318,0,6.35,Not reported,2.713,0.081,10.16,AA2024-T3,2.796,47,0.16,NP,0
TP-2003-210788,A481,Al2017T4,2.796,0.318,0,6.38,Not reported,2.713,0.057,12.72,AA6061-T6,2.713,36,0.127,NP,0
TP-2003-210788,A1462,Al2017T4,2.796,0.317,0,6.39,Not reported,2.713,0.064,5.08,AA2024-T3,2.796,47,0.254,NP,0
TP-2003-210788,A1464,Al2017T4,2.796,0.317,0,6.43,Not reported,2.713,0.081,5.08,AA2219-T87,2.796,52,0.318,NP,0
TP-2003-210788,1792,Al2017T4,2.796,0.115,0,6.46,Not reported,2.713,0.094,1.11,AA6061-T6,2.796,36,0.169,NP,0
TP-2003-210788,A1397,Al2017T4,2.796,0.3,0,6.51,Not reported,2.713,0.064,10.16,AA7075-T7351,2.78,68,0.125,NP,0
TP-2003-210788,A250,glass,2.25,0.079,0,6.52,Not reported,2.78,0.03,2.54,AA7075-T6,2.796,70,0.03,NP,0
TP-2003-210788,1435,Al2017T4,2.796,0.08,0,6.52,Not reported,2.713,0.015,2.54,AA2024-T3,2.796,47,0.03,NP,0
TP-2003-210788,A240,Al,2.78,0.318,0,6.58,Not reported,2.78,0.081,10.16,AA2024-T3,2.796,47,0.127,NP,0
TP-2003-210788,A1465,Al2017T4,2.796,0.259,0,6.6,Not reported,2.713,0.203,2,AA6061-T6,2.796,36,0.203,NP,0
TP-2003-210788,A86/2,Al2017T4,2.796,0.953,0,6.64,Not reported,2.78,0.318,30.48,AA2024-T3,2.796,47,0.229,NP,0
TP-2003-210788,A86/1,Al2017T4,2.796,0.953,0,6.65,Not reported,2.78,0.159,30.48,AA2024-T351,2.796,47,0.635,NP,0
TP-2003-210788,1468,Al2017T4,2.796,0.081,0,6.7,Not reported,2.713,0.015,2.54,AA2024-T3,2.796,47,0.03,NP,0
TP-2003-210788,A1913,Al2017T4,2.796,1.27,0,6.71,Not reported,2.78,0.318,50.8,AA6061-T6,2.713,36,0.483,NP,0
TP-2003-210788,A1917,Al2017T4,2.796,0.953,0,6.72,Not reported,2.78,0.159,22.86,AA2024-T351,2.796,47,0.483,NP,0
TP-2003-210788,A1458,Al2017T4,2.796,0.238,0,6.74,Not reported,2.713,0.203,1.98,AA6061-T6,2.78,36,0.203,NP,0
TP-2003-210788,A1875,Al2017T4,2.796,0.953,0,6.75,Not reported,2.78,0.159,30.48,AA6061-T6,2.713,36,0.318,NP,0
TP-2003-210788,A1077,Al2017T4,2.796,0.2,0,6.77,Not reported,2.713,0.41,6,AA6061-T6,2.713,36,0.064,NP,0
TP-2003-210788,1881,Al2017T4,2.796,0.079,0,6.79,Not reported,2.713,0.041,5.08,AA6061-T6,2.852,36,0.127,NP,0
TP-2003-210788,A1921,Al2017T4,2.796,1.27,0,6.8,Not reported,2.78,0.159,22.86,AA2024-T351,2.796,47,0.635,NP,0
TP-2003-210788,A1918,Al2017T4,2.796,0.953,0,6.83,Not reported,2.78,0.159,38.1,AA2024-T3,2.796,47,0.318,NP,0
TP-2003-210788,A1895,Al2017T4,2.796,0.953,0,6.89,Not reported,2.78,0.159,30.48,AA6061-T6,2.713,36,0.318,NP,0
TP-2003-210788,A1200,Al2017T4,2.796,0.2,0,6.93,Not reported,2.78,0.015,6.4,AA6061-T6,2.713,36,0.483,NP,0
TP-2003-210788,A235,Al,2.78,0.318,0,6.98,Not reported,2.78,0.056,10.16,AA2024-T3,2.796,47,0.159,NP,0
TP-2003-210788,85-16,Al,2.78,0.762,0,7,Not reported,2.713,0.159,15.24,AA2219-T87,2.852,52,0.318,NP,0
TP-2003-210788,B176,Al2017T4,2.796,0.318,0,7.05,Not reported,2.713,0.08128,5.08,AA2024-T3,2.852,47,0.2286,NP,0
TP-2003-210788,MD15,Al,2.78,0.884,0,7.08,Not reported,2.78,0.23,26.52,AA2024-T351,2.796,47,0.201,NP,0
TP-2003-210788,B31,Al2017T4,2.796,0.635,0,7.08,Not reported,2.713,0.127,20.32,AA6061-T6,2.713,36,0.36,NP,0
TP-2003-210788,MD28,Al,2.78,1.908,0,7.08,Not reported,2.78,0.406,57.15,AA2024-T351,2.796,47,0.968,NP,0
TP-2003-210788,MD29,Al,2.78,1.908,0,7.08,Not reported,2.78,0.406,76.2,AA2024-T351,2.796,47,0.622,NP,0
TP-2003-210788,MD11,Al,2.78,0.884,0,7.09,Not reported,2.78,0.08,13.26,AA2024-T351,2.796,47,1.618,NP,0
TP-2003-210788,A1868,Al2017T4,2.796,0.953,0,7.1,Not reported,2.78,0.159,30.48,AA6061-T6,2.713,36,0.318,NP,0
TP-2003-210788,4613,glass,2.25,0.079,0,7.13,Not reported,2.78,0.025,5.08,AA2024-T3,2.796,47,0.025,NP,0
TP-2003-210788,MD13,Al,2.78,0.884,0,7.15,Not reported,2.78,0.08,35.36,AA2024-T351,2.796,47,0.792,NP,0
TP-2003-210788,MD31,Al,2.78,1.908,0,7.15,Not reported,2.78,0.813,57.15,AA2024-T351,2.796,47,0.8,NP,0
TP-2003-210788,MD27,Al,2.78,1.908,0,7.15,Not reported,2.78,0.406,28.575,AA2024-T351,2.796,47,2.827,NP,0
TP-2003-210788,MD12,Al,2.78,0.884,0,7.16,Not reported,2.78,0.08,26.52,AA2024-T351,2.796,47,0.655,NP,0
TP-2003-210788,4679,Al6061,2.713,0.079,0,7.16,Not reported,2.78,0.051,7.62,AA2024-T3,2.796,47,0.025,NP,0
TP-2003-210788,1791,Al2017T4,2.796,0.079,0,7.18,Not reported,2.713,0.094,1.11,AA6061-T6,2.78,36,0.172,NP,0
TP-2003-210788,4738,Al6061,2.71,0.159,0,7.2,Not reported,2.78,0.051,5.08,AA2024-T3,2.796,47,0.064,NP,0
TP-2003-210788,A1196,Al2017T4,2.796,0.2,0,7.2,Not reported,2.78,0.036,6.4,AA2024-T3,2.796,47,0.159,NP,0
TP-2003-210788,B131,Al2017T4,2.796,0.783,0,7.26,Not reported,2.713,0.12,30.48,AA6061-T6,2.796,36,0.402,NP,0
TP-2003-210788,4709,glass,2.54,0.159,0,7.26,Not reported,2.78,0.025,5.09,AA2024-T3,2.713,47,0.064,NP,0
TP-2003-210788,4709,glass,2.54,0.159,0,7.26,Not reported,2.78,0.025,5.08,AA2024-T3,2.796,47,0.064,NP,0
TP-2003-210788,MD14,Al,2.78,0.884,0,7.27,Not reported,2.78,0.044,26.52,AA2024-T351,2.796,47,1.26,NP,0
TP-2003-210788,MD30,Al,2.78,1.908,0,7.27,Not reported,2.78,0.203,57.15,AA2024-T351,2.796,47,1.626,NP,0
TP-2003-210788,B160,Al2017T4,2.796,0.318,0,7.34,Not reported,2.713,0.076,5.08,AA2024-T3,2.852,47,0.254,NP,0
TP-2003-210788,4681,Al6061,2.713,0.079,0,7.34,Not reported,2.78,0.051,2.54,AA2024-T3,2.796,47,0.041,NP,0
TP-2003-210788,B123,Al2017T4,2.796,0.634,0,7.38,Not reported,2.713,0.127,10.16,AA6061-T6,2.796,36,0.483,NP,0
TP-2003-210788,B121,Al2017T4,2.796,0.634,0,7.44,Not reported,2.713,0.127,10.16,AA2024-T3,2.713,47,0.406,NP,0
TP-2003-210788,B128,Al2017T4,2.796,0.634,0,7.45,Not reported,2.713,0.127,10.16,AA6061-T6,2.796,36,0.638,NP,0
TP-2003-210788,B294,Al2017T4,2.796,0.634,0,7.51,Not reported,2.713,0.127,15.24,AA2219-T87,2.796,52,0.318,NP,0
TP-2003-210788,B166,Al2017T4,2.796,0.318,0,7.52,Not reported,2.713,0.081,5.08,AA2024-T3,2.796,47,0.203,NP,0
TP-2003-210788,B146,Al2017T4,2.796,0.478,0,7.53,Not reported,2.713,0.127,10.16,AA2219-T87,2.852,52,0.318,NP,0
TP-2003-210788,4695,glass,2.54,0.159,0,7.56,Not reported,2.78,0.051,5.08,AA2024-T3,2.796,47,0.064,NP,0
TP-2003-210788,B184,Al2017T4,2.796,0.476,0,7.59,Not reported,2.713,0.229,5.08,AA6061-T6,2.713,36,0.102,NP,0
TP-2003-210788,B153,Al2017T4,2.796,0.319,0,7.62,Not reported,2.713,0.081,5.08,AA2024-T3,2.852,47,0.406,NP,0
TP-2003-210788,B156,Al2017T4,2.796,0.318,0,7.63,Not reported,2.713,0.064,10.16,AA2024-T3,2.78,47,0.16,NP,0
TP-2003-210788,1644,Cu,8.25,0.018,0,7.97,Not reported,2.796,0.064,2.54,AA3003-O,2.78,18,0.025,NP,0
TP-2003-210788,1476,Al2017T4,2.796,0.04,0,8.06,Not reported,2.74,0.01,1.27,AA3003-H14,2.78,21,0.027,NP,0
TP-2003-210788,A1967,Al2017T4,2.796,0.318,15,6.22,Not reported,2.713,0.112,10.2,AA6061-CMG,2.713,28.7,0.191,NP,0
TP-2003-210788,A1965,Al2017T4,2.796,0.289,15,6.29,Not reported,2.713,0.112,10.2,AA6061-CMG,2.713,28.7,0.191,NP,0
TP-2003-210788,A2033R2,Al2017T4,2.796,0.18,16,3.36,Not reported,2.78,0.1016,13.6,Alclad 7075-T6,2.78,64.6,0.152,NP,0
TP-2003-210788,A2025R2,Al2017T4,2.796,0.159,16,3.4,Not reported,2.78,0.1016,13.6,Alclad 7075-T6,2.78,64.6,0.152,NP,0
TP-2003-210788,A2019R2,Al2017T4,2.796,0.217,16,3.86,Not reported,2.78,0.1016,13.6,Alclad 7075-T6,2.78,64.6,0.152,NP,0
TP-2003-210788,A2017R2,Al2017T4,2.796,0.219,16,4.45,Not reported,2.78,0.1016,13.6,Alclad 7075-T6,2.78,64.6,0.152,NP,0
TP-2003-210788,A2010R2,Al2017T4,2.796,0.2,16,6.76,Not reported,2.78,0.1016,13.6,Alclad 7075-T6,2.78,64.6,0.152,NP,0
TP-2003-210788,A1916,Al2017T4,2.796,0.318,20,3.16,Not reported,2.78,0.151,23.6,Alclad 7075-T6,2.78,64.6,0.302,NP,0
TP-2003-210788,A1917,Al2017T4,2.796,0.34,20,3.55,Not reported,2.78,0.151,23.6,Alclad 7075-T6,2.78,64.6,0.286,NP,0
TP-2003-210788,B324,Al2017T4,2.796,0.596,23,7.07,Not reported,2.78,0.151,10.2,Alclad 7075-T6,2.78,64.6,0.302,NP,0
TP-2003-210788,B344,Al2017T4,2.796,0.596,23,7.2,Not reported,2.713,0.159,10.2,AA2219-T87,2.852,52,0.318,NP,0
TP-2003-210788,B343,Al2017T4,2.796,0.596,23,7.46,Not reported,2.796,0.159,10.2,AA2024-T3,2.796,47,0.318,NP,0
TP-2003-210788,B480,Al2017T4,2.796,0.358,26,6.95,Not reported,2.78,0.1016,13.6,Alclad 7075-T6,2.78,64.6,0.152,NP,0
TP-2003-210788,A1969,Al2017T4,2.796,0.358,30,6.29,Not reported,2.713,0.112,10.2,AA6061-CMG,2.713,28.7,0.191,NP,0
TP-2003-210788,A1467,Al2017T4,2.796,0.3,45,6.1,Not reported,2.713,0.203,1.98,AA6061-T6,2.796,36,0.203,NP,0
TP-2003-210788,A1466,Al2017T4,2.796,0.281,45,6.54,Not reported,2.713,0.203,1.98,AA6061-T6,2.713,36,0.203,NP,0
TP-2003-210788,B319,Al2017T4,2.796,0.517,53.1,7.57,Not reported,2.78,0.151,10.2,Alclad 7075-T6,2.78,64.6,0.302,NP,0
TP-2003-210788,B348,Al2017T4,2.796,0.674,58.4,7.13,Not reported,2.713,0.18,20.2,AA6061-T6,2.713,36,0.406,NP,0
TP-2003-210788,B334,Al2017T4,2.796,0.635,58.4,7.28,Not reported,2.78,0.171,20.2,AA2024-T3,2.796,47,0.406,NP,0
TP-2003-210788,B341,Al2017T4,2.796,0.674,58.4,7.57,Not reported,2.796,0.18,20.2,AA2024-T3,2.796,47,0.406,NP,0
TP-2003-210788,B333,Al2017T4,2.796,0.596,58.4,7.6,Not reported,2.78,0.171,20.2,AA2024-T3,2.796,47,0.406,NP,0
TP-2003-210788,B461,Al2017T4,2.796,0.319,60,6.81,Not reported,2.78,0.09652,14.2,Alclad 7075-T6,2.78,64.6,0.198,NP,0
TP-2003-210788,B460,Al2017T4,2.796,0.358,65,6.77,Not reported,2.78,0.1016,13.6,Alclad 7075-T6,2.78,64.6,0.152,NP,0
TP-2003-210788,B488,Al2017T4,2.796,0.318,65,6.94,Not reported,2.78,0.1016,15.8,Alclad 7075-T6,2.78,64.6,0.152,NP,0
TP-2003-210788,A1485,Al2017T4,2.796,0.358,80,6.17,Not reported,2.713,0.051,2.54,AA2024-T3,2.796,47,0.127,NP,0
TP-2003-210788,A1486,Al2017T4,2.796,0.358,85,5.45,Not reported,2.713,0.051,2.54,AA2024-T3,2.796,47,0.127,NP,0
CR-65222,E-51,Al2017,2.796,0.318,0,1.99,Al1100-O,2.71,0.0635,5.08,AA7075-T6,2.81,75,0.254,P,1
CR-65222,E-47,Al2017,2.796,0.318,0,2.08,Al1100-O,2.71,0.159,5.08,AA7075-T6,2.81,75,0.081,P,1
CR-65222,E-48,Al2017,2.796,0.318,0,2.14,Al1100-O,2.71,0.159,5.08,AA7075-T6,2.81,75,0.159,P,1
CR-65222,E-43,Al2017,2.796,0.318,0,2.43,Al1100-O,2.71,0.102,5.08,AA7075-T6,2.81,75,0.19,P,1
CR-65222,E-40,Al2017,2.796,0.318,0,2.46,Al1100-O,2.71,0.0635,5.08,AA7075-T6,2.81,75,0.318,P,1
CR-65222,E-39,Al2017,2.796,0.318,0,2.56,Al1100-O,2.71,0.0635,5.08,AA7075-T6,2.81,75,0.254,P,1
CR-65222,E-44,Al2017,2.796,0.318,0,2.65,Al1100-O,2.71,0.102,5.08,AA7075-T6,2.81,75,0.254,P,1
CR-65222,C-726,Al,2.796,0.318,0,5.43,Al1100-O,2.71,0.102,5.08,AA7075-T6,2.81,75,0.635,P,1
CR-65222,D-1400,Al,2.796,0.318,0,7.49,Al1100-O,2.71,0.0635,5.08,AA7075-T6,2.81,75,0.0635,P,1
CR-65222,D-880,Al2017,2.796,0.318,0,8.08,Al1100-O,2.71,0.0534,5.08,AA7075-T6,2.81,75,0.0813,P,1
Reimerdes_2006,4435,Al 99.9%,2.7,0.25,0,2.57,Al2024-T3,2.78,0.1,10,AA7075-T6,2.81,75,0.2,P,1
Reimerdes_2006,4436,Al 99.9%,2.7,0.25,0,3.8,Al2024-T3,2.78,0.046,10,AA7075-T6,2.81,75,0.2,P,1
Reimerdes_2006,4445,Al 99.9%,2.7,0.35,0,6.89,Al2024-T3,2.78,0.046,10,AA7075-T6,2.81,75,0.2,P,1
Reimerdes_2006,4438,Al 99.9%,2.7,0.4,0,7.02,Al2024-T3,2.78,0.046,10,AA7075-T6,2.81,75,0.2,P,1
Reimerdes_2006,4441,Al 99.9%,2.7,0.5,0,7.07,Al2024-T3,2.78,0.1,10,AA7075-T6,2.81,75,0.2,P,1
Ryan_2011,HD9820223,Al2017-T4,2.796,0.3175,0,2.5,Al6061-T6,2.7,0.07874,5.08,AA6061-T6,2.7,40,0.254,P,1
Ryan_2011,HD9920028,Al2017-T4,2.796,0.3175,0,2.6,Al6061-T6,2.7,0.07874,5.08,AA6061-T6,2.7,40,0.3175,P,1
Ryan_2011,HD9920104,Al2017-T4,2.796,0.3175,0,2.7,Al6061-T6,2.7,0.07874,5.08,AA6061-T6,2.7,40,0.4064,P,1
Ryan_2011,HD9820222,Al2017-T4,2.796,0.3175,0,3,Al6061-T6,2.7,0.07874,5.08,AA6061-T6,2.7,40,0.3175,P,1
Ryan_2011,HD9920040,Al2017-T4,2.796,0.3175,0,3.1,Al6061-T6,2.7,0.07874,5.08,AA6061-T6,2.7,40,0.4064,P,1
Ryan_2011,HD9820221,Al2017-T4,2.796,0.3175,0,4.4,Al6061-T6,2.7,0.07874,5.08,AA6061-T6,2.7,40,0.2032,P,1
Ryan_2011,HD9920030,Al2017-T4,2.796,0.3175,0,4.5,Al6061-T6,2.7,0.07874,5.08,AA6061-T6,2.7,40,0.2286,P,1
Ryan_2011,HD9920115,Al2017-T4,2.796,0.3175,0,5.7,Al6061-T6,2.7,0.07874,5.08,AA6061-T6,2.7,40,0.254,P,1
Ryan_2011,HD9920003,Al2017-T4,2.796,0.3175,0,5.8,Al6061-T6,2.7,0.07874,5.08,AA6061-T6,2.7,40,0.254,P,1
Ryan_2011,HD9920058,Al2017-T4,2.796,0.3175,0,5.9,Al6061-T6,2.7,0.07874,5.08,AA6061-T6,2.7,40,0.2286,P,1
Ryan_2011,HD9920152,Al2017-T4,2.796,0.3175,0,5.9,Al6061-T6,2.7,0.07874,5.08,AA6061-T6,2.7,40,0.3175,P,1
Ryan_2011,HD9920014,Al2017-T4,2.796,0.3175,0,6,Al6061-T6,2.7,0.07874,5.08,AA6061-T6,2.7,40,0.2032,P,1
Ryan_2011,HD9920004,Al2017-T4,2.796,0.3175,0,6.4,Al6061-T6,2.7,0.07874,5.08,AA6061-T6,2.7,40,0.2032,P,1
Ryan_2011,HD9920032,Al2017-T4,2.796,0.3175,0,6.4,Al6061-T6,2.7,0.07874,5.08,AA6061-T6,2.7,40,0.2286,P,1
Ryan_2011,HD9920065,Al2017-T4,2.796,0.3175,0,6.4,Al6061-T6,2.7,0.07874,5.08,AA6061-T6,2.7,40,0.254,P,1
Ryan_2011,HD9820217,Al2017-T4,2.796,0.3175,0,6.5,Al6061-T6,2.7,0.07874,5.08,AA6061-T6,2.7,40,0.18034,P,1
Ryan_2011,HD9920114,Al2017-T4,2.796,0.3175,0,6.5,Al6061-T6,2.7,0.07874,5.08,AA6061-T6,2.7,40,0.3175,P,1
Ryan_2011,HD9820220,Al2017-T4,2.796,0.3175,0,6.6,Al6061-T6,2.7,0.07874,5.08,AA6061-T6,2.7,40,0.18034,P,1
Ryan_2011,HD9920009,Al2017-T4,2.796,0.3175,0,6.7,Al6061-T6,2.7,0.07874,5.08,AA6061-T6,2.7,40,0.18034,P,1
Ryan_2011,HD9920066,Al2017-T4,2.796,0.3175,0,6.7,Al6061-T6,2.7,0.07874,5.08,AA6061-T6,2.7,40,0.4064,P,1
Ryan_2011,HD9920005,Al2017-T4,2.796,0.3175,0,6.9,Al6061-T6,2.7,0.07874,5.08,AA6061-T6,2.7,40,0.254,P,1
Ryan_2011,HD9920034,Al2017-T4,2.796,0.3175,0,6.9,Al6061-T6,2.7,0.07874,5.08,AA6061-T6,2.7,40,0.3175,P,1
Ryan_2011,HD0120005,Al2017-T4,2.796,0.3175,45,2.75,Al6061-T6,2.7,0.07874,5.08,AA6061-T6,2.7,40,0.203,P,1
Ryan_2011,HD9920272,Al2017-T4,2.796,0.3175,45,3.1,Al6061-T6,2.7,0.07874,5.08,AA6061-T6,2.7,40,0.318,P,1
Ryan_2011,HD0020011,Al2017-T4,2.796,0.3175,45,4.5,Al6061-T6,2.7,0.07874,5.08,AA6061-T6,2.7,40,0.318,P,1
Ryan_2011,HD9920271,Al2017-T4,2.796,0.3175,45,4.5,Al6061-T6,2.7,0.07874,5.08,AA6061-T6,2.7,40,0.203,P,1
Ryan_2011,HD0020087,Al2017-T4,2.796,0.3175,45,5.45,Al6061-T6,2.7,0.07874,5.08,AA6061-T6,2.7,40,0.254,P,1
Ryan_2011,HD0020078,Al2017-T4,2.796,0.3175,45,5.6,Al6061-T6,2.7,0.07874,5.08,AA6061-T6,2.7,40,0.229,P,1
Ryan_2011,HD0020052,Al2017-T4,2.796,0.3175,45,5.7,Al6061-T6,2.7,0.07874,5.08,AA6061-T6,2.7,40,0.203,P,1
Ryan_2011,HD0020077,Al2017-T4,2.796,0.3175,45,5.93,Al6061-T6,2.7,0.07874,5.08,AA6061-T6,2.7,40,0.203,P,1
Ryan_2011,HD9920270,Al2017-T4,2.796,0.3175,45,6.5,Al6061-T6,2.7,0.07874,5.08,AA6061-T6,2.7,40,0.229,P,1
Ryan_2011,HD0020153,Al2017-T4,2.796,0.3175,45,6.81,Al6061-T6,2.7,0.07874,5.08,AA6061-T6,2.7,40,0.254,P,1
Ryan_2011,HD0120004,Al2017-T4,2.796,0.3175,60,2.66,Al6061-T6,2.7,0.04713,5.08,AA6061-T6,2.7,40,0.127,P,1
Ryan_2011,HD0020119,Al2017-T4,2.796,0.3175,60,4.51,Al6061-T6,2.7,0.04732,5.08,AA6061-T6,2.7,40,0.16,P,1
Ryan_2011,HD0020060,Al2017-T4,2.796,0.3175,60,5.67,Al6061-T6,2.7,0.04513,5.08,AA6061-T6,2.7,40,0.18,P,1
Ryan_2011,HD0020117,Al2017-T4,2.796,0.3175,60,5.7,Al6061-T6,2.7,0.04602,5.08,AA6061-T6,2.7,40,0.203,P,1
Ryan_2011,HD0020019,Al2017-T4,2.796,0.3175,60,6,Al6061-T6,2.7,0.04726,5.08,AA6061-T6,2.7,40,0.203,P,1
Ryan_2011,HD0020013,Al2017-T4,2.796,0.3175,60,6.6,Al6061-T6,2.7,0.04518,5.08,AA6061-T6,2.7,40,0.18,P,1
Ryan_2011,HD0020118,Al2017-T4,2.796,0.3175,60,6.8,Al6061-T6,2.7,0.04525,5.08,AA6061-T6,2.7,40,0.203,P,1
TM-2000-209907,SS-P-O25B,Al6061-T6,2.7,0.475,0,2.25,Al6061-T6,2.7,0.16002,15.24,AA2219-T87,2.84,57,0.3175,P,1
TM-2000-209907,SS-P-O01,Al1100,2.71,0.635,0,2.75,Al6061-T6,2.7,0.16002,10.16,AA2219-T87,2.84,57,0.3175,P,1
TM-2000-209907,SS-P-O02,Al1100,2.71,0.635,0,2.99,Al6061-T6,2.7,0.16002,10.16,AA2219-T87,2.84,57,0.3175,P,1
TM-2000-209907,SS-101,Al1100,2.71,0.475,0,3.09,Al6061-T6,2.7,0.2032,10.16,AA2219-T87,2.84,57,0.3175,P,1
TM-2000-209907,SS-P-O14D,Al1100,2.71,0.475,0,3.26,Al6061-T6,2.7,0.16002,15.24,AA2219-T87,2.84,57,0.3175,P,1
TM-2000-209907,SS-T2-8,Al1100,2.71,0.795,0,3.39,Al6061-T6,2.7,0.16002,10.16,AA2219-T87,2.84,57,0.3175,P,1
TM-2000-209907,SS-148C,Al1100,2.71,0.635,0,3.63,Al6061-T6,2.7,0.16002,10.16,AA2219-T87,2.84,57,0.3175,P,1
TM-2000-209907,SS-PT4A,Al1100,2.71,0.635,0,3.64,Al6061-T6,2.7,0.16002,10.16,AA2219-T87,2.84,57,0.3175,P,1
TM-2000-209907,SS-101A,Al1100,2.71,0.475,0,3.7,Al6061-T6,2.7,0.2032,10.16,AA2219-T87,2.84,57,0.3175,P,1
TM-2000-209907,SS-P-014,Al1100,2.71,0.475,0,3.72,Al6061-T6,2.7,0.16002,15.24,AA2219-T87,2.84,57,0.3175,P,1
TM-2000-209907,SS-P-O27A,Al1100,2.71,0.475,0,3.87,Al6061-T6,2.7,0.16002,10.16,AA2219-T87,2.84,57,0.3175,P,1
TM-2000-209907,SS-P-O27B,Al1100,2.71,0.475,0,4.15,Al6061-T6,2.7,0.16002,10.16,AA2219-T87,2.84,57,0.3175,P,1
TM-2000-209907,SS-P-O14A,Al1100,2.71,0.475,0,4.18,Al6061-T6,2.7,0.16002,15.24,AA2219-T87,2.84,57,0.3175,P,1
TM-2000-209907,SS-PT4B,Al1100,2.71,0.635,0,4.26,Al6061-T6,2.7,0.16002,10.16,AA2219-T87,2.84,57,0.3175,P,1
TM-2000-209907,SS-I01B,Al1100,2.71,0.475,0,4.27,Al6061-T6,2.7,0.2032,10.16,AA2219-T87,2.84,57,0.3175,P,1
TM-2000-209907,SS-PT8A,Al1100,2.71,0.795,0,4.35,Al6061-T6,2.7,0.16002,10.16,AA2219-T87,2.84,57,0.3175,P,1
TM-2000-209907,SS-PT8B,Al1100,2.71,0.795,0,4.37,Al6061-T6,2.7,0.16002,10.16,AA2219-T87,2.84,57,0.3175,P,1
TM-2000-209907,SS-T2-6A,Al1100,2.71,0.795,0,4.64,Al6061-T6,2.7,0.16002,10.16,AA2219-T87,2.84,57,0.3175,P,1
TM-2000-209907,SS-T2-20,Al1100,2.71,0.795,0,4.73,Al6061-T6,2.7,0.16002,15.24,AA2219-T87,2.84,57,0.3175,P,1
TM-2000-209907,SS-P-013,Al1100,2.71,0.635,0,4.77,Al6061-T6,2.7,0.16002,15.24,AA2219-T87,2.84,57,0.3175,P,1
TM-2000-209907,SS-P-O03,Al1100,2.71,0.635,0,4.9,Al6061-T6,2.7,0.16002,10.16,AA2219-T87,2.84,57,0.3175,P,1
TM-2000-209907,SS-P-O04,Al1100,2.71,0.635,0,4.95,Al6061-T6,2.7,0.16002,10.16,AA2219-T87,2.84,57,0.3175,P,1
TM-2000-209907,SS-T2-18,Al1100,2.71,0.9525,0,5.05,Al6061-T6,2.7,0.16002,10.16,AA2219-T87,2.84,57,0.3175,P,1
TM-2000-209907,SS-P-022,Al1100,2.71,0.6655,0,5.09,Al6061-T6,2.7,0.16002,10.16,AA2219-T87,2.84,57,0.3175,P,1
TM-2000-209907,SS-P-016,Al6061-T6,2.7,0.762,0,5.14,Al6061-T6,2.7,0.16002,15.24,AA2219-T87,2.84,57,0.3175,P,1
TM-2000-209907,SS--P-013C,Al1100,2.71,0.635,0,5.79,Al6061-T6,2.7,0.16002,15.24,AA2219-T87,2.84,57,0.3175,P,1
TM-2000-209907,SS-P-024C,Al6061-T6,2.7,0.635,0,5.8,Al6061-T6,2.7,0.16002,15.24,AA2219-T87,2.84,57,0.3175,P,1
TM-2000-209907,EHSS-2B,Al1100,2.71,0.635,0,5.88,Al6061-T6,2.7,0.16002,10.16,AA2219-T87,2.84,57,0.3175,P,1
TM-2000-209907,SS-P-O24F,Al6061-T6,2.7,0.635,0,5.88,Al6061-T6,2.7,0.16002,15.24,AA2219-T87,2.84,57,0.3175,P,1
TM-2000-209907,SS-P-016A,Al6061-T6,2.7,0.762,0,6.04,Al6061-T6,2.7,0.16002,15.24,AA2219-T87,2.84,57,0.3175,P,1
TM-2000-209907,SS-P-O16B,Al6061-T6,2.7,0.762,0,6.33,Al6061-T6,2.7,0.16002,15.24,AA2219-T87,2.84,57,0.3175,P,1
TM-2000-209907,SS-P-O21A,Al1100,2.71,0.762,0,6.47,Al6061-T6,2.7,0.16002,10.16,AA2219-T87,2.84,57,0.3175,P,1
TM-2000-209907,SS-P-016C,Al6061-T6,2.7,0.762,0,6.63,Al6061-T6,2.7,0.16002,15.24,AA2219-T87,2.84,57,0.3175,P,1
TM-2000-209907,SS-P-020C,Al1100,2.71,0.762,0,6.63,Al6061-T6,2.7,0.16002,15.24,AA2219-T87,2.84,57,0.3175,P,1
TM-2000-209907,SS-P-021,Al1100,2.71,0.762,0,6.63,Al6061-T6,2.7,0.16002,10.16,AA2219-T87,2.84,57,0.3175,P,1
TM-2000-209907,EH3-A,Al1100,2.71,0.795,0,6.64,Al6061-T6,2.7,0.16002,10.16,AA2219-T87,2.84,57,0.3175,P,1
TM-2000-209907,EHSS-6C,Al1100,2.71,0.795,0,6.64,Al6061-T6,2.7,0.16002,10.16,AA2219-T87,2.84,57,0.3175,P,1
TM-2000-209907,SS-P-035,Al1100,2.71,0.889,0,6.69,Al6061-T6,2.7,0.16002,15.24,AA2219-T87,2.84,57,0.3175,P,1
TM-2000-209907,SS-107A,Al1100,2.71,0.889,0,6.74,Al6061-T6,2.7,0.2032,10.16,AA2219-T87,2.84,57,0.3175,P,1
TM-2000-209907,EH4-B,Al1100,2.71,0.795,0,6.76,Al6061-T6,2.7,0.16002,10.16,AA2219-T87,2.84,57,0.3175,P,1
TM-2000-209907,SS-P-O16E,Al6061-T6,2.7,0.762,0,6.78,Al6061-T6,2.7,0.16002,15.24,AA2219-T87,2.84,57,0.3175,P,1
TM-2000-209907,SS-107B,Al1100,2.71,0.889,0,6.82,Al6061-T6,2.7,0.2032,10.16,AA2219-T87,2.84,57,0.3175,P,1
TM-2000-209907,SS-P-O22B,Al1100,2.71,0.6655,0,6.89,Al6061-T6,2.7,0.16002,10.16,AA2219-T87,2.84,57,0.3175,P,1
TM-2000-209907,SS-P-O34B,Al1100,2.71,0.635,0,7.06,Al6061-T6,2.7,0.16002,10.16,AA2219-T87,2.84,57,0.3175,P,1
TM-2000-209907,SS-P-O18RV,Al6061-T6,2.7,0.6655,0,7.12,Al6061-T6,2.7,0.16002,15.24,AA2219-T87,2.84,57,0.3175,P,1
TM-2000-209907,SS-102,Al1100,2.71,0.762,0,7.2,Al6061-T6,2.7,0.2032,10.16,AA2219-T87,2.84,57,0.3175,P,1
TP-2003-210788,A1347,Al2017T4,2.796,0.358,0,2.93,Not reported,2.713,0.127,10.16,AA2219-T87,2.713,52,0.318,P,1
TP-2003-210788,A1344,Al2017T4,2.796,0.358,0,3.19,Not reported,2.713,0.127,10.16,AA2219-T87,2.852,52,0.318,P,1
TP-2003-210788,A1368,Cu,8.79,0.318,0,5.04,Not reported,2.713,0.064,10.16,AA2024-T3,2.796,47,0.159,P,1
TP-2003-210788,A1370,Al2017T4,2.796,0.318,0,5.2,Not reported,2.713,0.064,10.16,AA2024-T3,2.713,47,0.158,P,1
TP-2003-210788,B111,Al2017T4,2.796,0.635,0,5.85,Not reported,2.713,0.127,10.16,AA2219-T87,2.796,52,0.318,P,1
TP-2003-210788,A1672,Al2017T4,2.796,0.318,0,6.05,Not reported,2.713,0.064,10.16,AA2024-T3,2.796,47,0.16,P,1
TP-2003-210788,A1676,Al2017T4,2.796,0.318,0,6.07,Not reported,2.713,0.064,10.16,AA2024-T3,2.796,47,0.16,P,1
TP-2003-210788,A1114,Al2017T4,2.796,0.318,0,6.21,Not reported,2.713,0.051,10.18,AA2024-T3,2.796,47,0.159,P,1
TP-2003-210788,B109,Al2017T4,2.796,0.634,0,6.22,Not reported,2.713,0.127,10.16,AA6061-T6,2.78,36,0.318,P,1
TP-2003-210788,A1607,Al2017T4,2.796,0.318,0,6.24,Not reported,2.713,0.051,10.16,AA2024-T3,2.796,47,0.16,P,1
TP-2003-210788,A1193,Al2017T4,2.796,0.318,0,6.25,Not reported,2.713,0.051,10.18,AA6061-T6,2.713,36,0.2,P,1
TP-2003-210788,B110,Al2017T4,2.796,0.634,0,6.27,Not reported,2.713,0.127,10.16,AA2219-T87,2.713,52,0.318,P,1
TP-2003-210788,A1682,Al2017T4,2.796,0.318,0,6.28,Not reported,2.713,0.064,10.16,AA2024-T3,2.796,47,0.16,P,1
TP-2003-210788,A1373,Al2017T4,2.796,0.3,0,6.33,Not reported,2.713,0.063,10.16,AA6061-T6,2.796,36,0.122,P,1
TP-2003-210788,A1076,Al2017T4,2.796,0.2,0,6.37,Not reported,2.713,0.064,6,AA6061-T6,2.713,36,0.041,P,1
TP-2003-210788,B37,Al2017T4,2.796,0.635,0,6.39,Not reported,2.796,0.159,10.16,AA6061-T6,2.713,36,0.5,P,1
TP-2003-210788,A86/4,Al2017T4,2.796,0.953,0,6.4,Not reported,2.78,0.483,30.48,AA2024-T3,2.796,47,0.229,P,1
TP-2003-210788,85-20C,Al,2.78,0.762,0,6.4,Not reported,2.713,0.159,15.24,AA2219-T87,2.852,52,0.318,P,1
TP-2003-210788,A86/5,Al2017T4,2.796,0.953,0,6.47,Not reported,2.78,0.159,30.48,AA2024-T3,2.796,47,0.318,P,1
TP-2003-210788,A1907,Al2017T4,2.796,1.27,0,6.53,Not reported,2.78,0.318,50.8,AA2024-T351,2.796,47,0.483,P,1
TP-2003-210788,A1374,Al2017T4,2.796,0.299,0,6.55,Not reported,2.713,0.064,10.16,AA2024-T3,2.796,47,0.125,P,1
TP-2003-210788,A1371,Al2017T4,2.796,0.299,0,6.56,Not reported,2.713,0.063,10.16,AA2024-T3,2.713,47,0.125,P,1
TP-2003-210788,A151,Al6061,2.713,0.318,0,6.6,Not reported,2.78,0.081,5.08,AA2024-T3,2.796,47,0.127,P,1
TP-2003-210788,A86/3,Al2017T4,2.796,0.953,0,6.65,Not reported,2.78,0.159,30.48,AA2024-T3,2.796,47,0.229,P,1
TP-2003-210788,A1281,Nylon,1.145,0.318,0,6.7,Not reported,2.713,0.025,10.16,AA2024-T3,2.796,47,0.081,P,1
TP-2003-210788,A201,glass,2.25,0.079,0,6.7,Not reported,2.78,0.03,7.62,AA1100-H14,2.78,17,0.03,P,1
TP-2003-210788,A1899,Al2017T4,2.796,0.953,0,6.83,Not reported,2.78,0.159,15.24,AA2024-T351,2.796,47,0.635,P,1
TP-2003-210788,86-1,Al,2.71,0.793,0,6.9,Not reported,2.713,0.159,10.16,AA2219-T87,2.852,52,0.318,P,1
TP-2003-210788,A1218,Al2017T4,2.796,0.2,0,6.93,Not reported,2.78,0.015,6.4,AA2024-T3,2.796,47,0.318,P,1
TP-2003-210788,B613,Al2017T4,2.796,0.794,0,6.98,Not reported,2.713,0.16002,10.16,AA2219-T87,2.852,52,0.318,P,1
TP-2003-210788,86-2,Al,2.71,0.793,0,6.98,Not reported,2.713,0.159,10.16,AA2219-T87,2.852,52,0.318,P,1
TP-2003-210788,1817,Al2017T4,2.796,0.06,0,7,Not reported,2.713,0.003,2.86,AA3003-O,2.78,18,0.051,P,1
TP-2003-210788,1817,Al2017T4,2.8,0.06,0,7,Not reported,2.7,0.003,2.86,AA3003-O,2.73,18,0.051,P,1
TP-2003-210788,1481,Al2017T4,2.796,0.04,0,7.1,Not reported,2.74,0.01,1.27,AA3003-H12,2.78,18,0.01,P,1
TP-2003-210788,4637,glass,2.25,0.079,0,7.22,Not reported,2.78,0.015,5.08,AA2024-T3,2.796,47,0.025,P,1
TP-2003-210788,4658,Al6061,2.713,0.079,0,7.25,Not reported,2.78,0.015,5.08,AA2024-T3,2.796,47,0.025,P,1
TP-2003-210788,4691,glass,2.54,0.159,0,7.25,Not reported,2.78,0.051,7.62,AA2024-T3,2.796,47,0.041,P,1
TP-2003-210788,4706,glass,2.54,0.159,0,7.26,Not reported,2.78,0.025,7.62,AA2024-T3,2.796,47,0.041,P,1
TP-2003-210788,1487,Al6061,2.713,0.04,0,7.3,Not reported,2.74,0.01,1.27,AA3003-H12,2.78,18,0.015,P,1
TP-2003-210788,1830,Cu,8.25,0.018,0,7.3,Not reported,2.713,0.006,2.54,AA3003-O,2.78,18,0.011,P,1
TP-2003-210788,4736,Al6061,2.71,0.159,0,7.31,Not reported,2.78,0.051,7.62,AA2024-T3,2.796,47,0.041,P,1
TP-2003-210788,B177,Nylon,1.14,1.458,0,7.34,Not reported,2.796,0.483,5.08,AA1100-O,2.852,23,0.635,P,1
TP-2003-210788,B133,Al2017T4,2.796,0.783,0,7.43,Not reported,2.713,0.031,30.48,AA6061-T6,2.796,36,0.401,P,1
TP-2003-210788,4638,glass,2.25,0.079,0,7.53,Not reported,2.78,0.015,7.62,AA2024-T3,2.796,47,0.025,P,1
TP-2003-210788,B752,Al2017T4,2.796,0.794,25,7.19,Not reported,2.78,0.159,11.2,AA2219-T851,2.852,52,0.508,P,1
TP-2003-210788,B614,Al2017T4,2.796,0.627,30,7.05,Not reported,2.713,0.127,10.16,AA2219-T87,2.852,52,0.318,P,1
TP-2003-210788,A1971,Al2017T4,2.796,0.318,45,6.17,Not reported,2.713,0.112,10.2,AA6061-CMG,2.713,28.7,0.191,P,1
TP-2003-210788,A1375,Al2017T4,2.796,0.299,45,6.27,Not reported,2.713,0.064,10.16,AA2024-T3,2.78,47,0.127,P,1
TP-2003-210788,A1459,Al2017T4,2.796,0.318,45,6.35,Not reported,2.713,0.635,5.08,AA6061-T6,2.796,36,0.16,P,1
TP-2003-210788,A1468,Al2017T4,2.796,0.318,45,6.39,Not reported,2.713,0.203,1.98,AA6061-T6,2.796,36,0.203,P,1
TP-2003-210788,A1376,Al2017T4,2.796,0.3,45,6.41,Not reported,2.713,0.064,10.16,AA6061-T6,2.796,36,0.127,P,1
TP-2003-210788,A1894,Al2017T4,2.796,0.953,45,6.74,Not reported,2.78,0.162,30.5,AA2024-T351,2.796,47,0.792,P,1
TP-2003-210788,B615,Al2017T4,2.796,0.631,45,7.05,Not reported,2.713,0.127,10.16,AA2219-T87,2.852,52,0.318,P,1
TP-2003-210788,B386,Al2017T4,2.796,0.476,50,6.64,Not reported,2.78,0.16,10.2,Alclad 7075-T6,2.78,64.6,0.302,P,1
TP-2003-210788,B327,Al2017T4,2.796,0.675,58.4,6.95,Not reported,2.78,0.171,20.2,Alclad 7075-T6,2.78,64.6,0.386,P,1
TP-2003-210788,A1487,Al2017T4,2.796,0.358,65,5.4,Not reported,2.713,0.051,2.54,AA2024-T3,2.796,47,0.127,P,1
TP-2003-210788,A1488,Al2017T4,2.796,0.358,65,6.19,Not reported,2.713,0.051,2.54,AA2024-T3,2.796,47,0.127,P,1
TP-2003-210788,B606,Al2017T4,2.796,0.953,65,6.89,Not reported,2.713,0.08128,20.3,AA6061-T6,2.713,36,0.635,P,1