ref,proj_mat,proj_density,angle,bumper_mat,bumper_thick,bumper_density,standoff,wall_thick,wall_mat,wall_density,wall_yieldksi,velocity,dc_NNO,dc_modNNO,dc_reimerdes,dc_JSCwhipple,dc_JSCwhipple_mod
test,AA2017-T4,2.8,45,AA6061-T651,0.1,2.7,10,0.4,AA6061-T651,2.7,40,0.1,3.823038714677749,4.973573626174224,3.104843598575865,3.823038714677749,3.823038714677749
test,AA2017-T4,2.8,45,AA6061-T651,0.1,2.7,10,0.4,AA6061-T651,2.7,40,0.2,2.4676552660239857,3.133155052409439,2.004082152448831,2.4676552660239857,2.4676552660239857
test,AA2017-T4,2.8,45,AA6061-T651,0.1,2.7,10,0.4,AA6061-T651,2.7,40,0.30000000000000004,1.9101565243062903,2.391044808414011,1.5513149877348869,1.9101565243062903,1.9101565243062903
test,AA2017-T4,2.8,45,AA6061-T651,0.1,2.7,10,0.4,AA6061-T651,2.7,40,0.4,1.592796454965847,1.9737640015575637,1.2935741032515014,1.592796454965847,1.592796454965847
test,AA2017-T4,2.8,45,AA6061-T651,0.1,2.7,10,0.4,AA6061-T651,2.7,40,0.5,1.3834197020639747,1.7009382539567044,1.1235308158419006,1.3834197020639747,1.3834197020639747
test,AA2017-T4,2.8,45,AA6061-T651,0.1,2.7,10,0.4,AA6061-T651,2.7,40,0.6,1.232947965720983,1.5062638426813333,1.0013266630151316,1.232947965720983,1.232947965720983
test,AA2017-T4,2.8,45,AA6061-T651,0.1,2.7,10,0.4,AA6061-T651,2.7,40,0.7000000000000001,1.118568449686735,1.359157725617574,0.9084344548343223,1.118568449686735,1.118568449686735
test,AA2017-T4,2.8,45,AA6061-T651,0.1,2.7,10,0.4,AA6061-T651,2.7,40,0.8,1.0281016890335402,1.243393406543556,0.8349627576685134,1.0281016890335402,1.0281016890335402
test,AA2017-T4,2.8,45,AA6061-T651,0.1,2.7,10,0.4,AA6061-T651,2.7,40,0.9,0.9543973314582153,1.1494944491736223,0.7751044826460005,0.9543973314582153,0.9543973314582153
test,AA2017-T4,2.8,45,AA6061-T651,0.1,2.7,10,0.4,AA6061-T651,2.7,40,1.0,0.8929553603035526,1.0715239553657416,0.7252049851360683,0.8929553603035526,0.8929553603035526
test,AA2017-T4,2.8,45,AA6061-T651,0.1,2.7,10,0.4,AA6061-T651,2.7,40,1.1,0.8407889591645625,1.0055571566901917,0.6828385513316471,0.8407889591645625,0.8407889591645625
test,AA2017-T4,2.8,45,AA6061-T651,0.1,2.7,10,0.4,AA6061-T651,2.7,40,1.2000000000000002,0.7958304289893651,0.9488867610448758,0.6463259196180529,0.7958304289893651,0.7958304289893651
test,AA2017-T4,2.8,45,AA6061-T651,0.1,2.7,10,0.4,AA6061-T651,2.7,40,1.3000000000000003,0.7565985874191089,0.8995797068581972,0.6144641621914032,0.7565985874191089,0.7565985874191089
test,AA2017-T4,2.8,45,AA6061-T651,0.1,2.7,10,0.4,AA6061-T651,2.7,40,1.4000000000000001,0.722001928643933,0.8562157143164109,0.586366823255804,0.722001928643933,0.722001928643933
test,AA2017-T4,2.8,45,AA6061-T651,0.1,2.7,10,0.4,AA6061-T651,2.7,40,1.5000000000000002,0.6912166909547269,0.81772582196283,0.5613648927749549,0.6912166909547269,0.6912166909547269
test,AA2017-T4,2.8,45,AA6061-T651,0.1,2.7,10,0.4,AA6061-T651,2.7,40,1.6,0.6636083849246655,0.7832887631023598,0.538943076350272,0.6636083849246655,0.6636083849246655
test,AA2017-T4,2.8,45,AA6061-T651,0.1,2.7,10,0.4,AA6061-T651,2.7,40,1.7000000000000002,0.6386796247397641,0.7522622532214768,0.5186974269449016,0.6386796247397641,0.6386796247397641
test,AA2017-T4,2.8,45,AA6061-T651,0.1,2.7,10,0.4,AA6061-T651,2.7,40,1.8000000000000003,0.6160344627979061,0.7241361266255796,0.5003063795762331,0.6160344627979061,0.6160344627979061
test,AA2017-T4,2.8,45,AA6061-T651,0.1,2.7,10,0.4,AA6061-T651,2.7,40,1.9000000000000001,0.5953534062898211,0.6984995823222779,0.4835104612758543,0.5953534062898211,0.5953534062898211
test,AA2017-T4,2.8,45,AA6061-T651,0.1,2.7,10,0.4,AA6061-T651,2.7,40,2.0,0.5763755383165522,0.6750177934159562,0.46809777092950783,0.5763755383165522,0.5763755383165522
test,AA2017-T4,2.8,45,AA6061-T651,0.1,2.7,10,0.4,AA6061-T651,2.7,40,2.1,0.5588854786767157,0.6534148819173137,0.45389338960766357,0.5588854786767157,0.5588854786767157
test,AA2017-T4,2.8,45,AA6061-T651,0.1,2.7,10,0.4,AA6061-T651,2.7,40,2.2,0.5427037122934669,0.633461314293205,0.4407515258918222,0.5427037122934669,0.5427037122934669
test,AA2017-T4,2.8,45,AA6061-T651,0.1,2.7,10,0.4,AA6061-T651,2.7,40,2.3000000000000003,0.5276793059308291,0.6149644264059777,0.42854960082673155,0.5276793059308291,0.5276793059308291
test,AA2017-T4,2.8,45,AA6061-T651,0.1,2.7,10,0.4,AA6061-T651,2.7,40,2.4000000000000004,0.513684347850835,0.5977612021035027,0.41718373214217397,0.513684347850835,0.513684347850835
test,AA2017-T4,2.8,45,AA6061-T651,0.1,2.7,10,0.4,AA6061-T651,2.7,40,2.5000000000000004,0.5006096497822408,0.5817127002096446,0.40656524364878477,0.5006096497822408,0.5006096497822408
test,AA2017-T4,2.8,45,AA6061-T651,0.1,2.7,10,0.4,AA6061-T651,2.7,40,2.6,0.488361386805482,0.566699704364451,0.39661793635339726,0.488361386805482,0.488361386805482
test,AA2017-T4,2.8,45,AA6061-T651,0.1,2.7,10,0.4,AA6061-T651,2.7,40,2.7,0.4768584431191385,0.552619291797136,0.3872759328491682,0.4768584431191385,0.4768584431191385
test,AA2017-T4,2.8,45,AA6061-T651,0.1,2.7,10,0.4,AA6061-T651,2.7,40,2.8000000000000003,0.46603029534003915,0.5393821008590106,0.3784819582584077,0.46603029534003915,0.46603029534003915
test,AA2017-T4,2.8,45,AA6061-T651,0.1,2.7,10,0.4,AA6061-T651,2.7,40,2.9000000000000004,0.45581530959095473,0.526910135706291,0.3701859572289591,0.45581530959095473,0.45581530959095473
test,AA2017-T4,2.8,45,AA6061-T651,0.1,2.7,10,0.4,AA6061-T651,2.7,40,3.0000000000000004,0.4461593603144772,0.5151349880667785,0.36234397221736564,0.4461593603144772,0.4461593603144772
test,AA2017-T4,2.8,45,AA6061-T651,0.1,2.7,10,0.4,AA6061-T651,2.7,40,3.1,0.43701470155815086,0.5039963858873487,0.3549172268140997,0.43701470155815086,0.43701470155815086
test,AA2017-T4,2.8,45,AA6061-T651,0.1,2.7,10,0.4,AA6061-T651,2.7,40,3.2,0.42833903809291024,0.49344100038939104,0.34787137136146357,0.42833903809291024,0.42833903809291024
test,AA2017-T4,2.8,45,AA6061-T651,0.1,2.7,10,0.4,AA6061-T651,2.7,40,3.3000000000000003,0.4200947559716931,0.4834214590519894,0.34117585805927314,0.4200947559716931,0.4200947559716931
test,AA2017-T4,2.8,45,AA6061-T651,0.1,2.7,10,0.4,AA6061-T651,2.7,40,3.4000000000000004,0.41224828125345037,0.47389552393754303,0.33480342015881703,0.41224828125345037,0.41224828125345037
test,AA2017-T4,2.8,45,AA6061-T651,0.1,2.7,10,0.4,AA6061-T651,2.7,40,3.5000000000000004,0.4047695424748588,0.4648254037091715,0.3287296354145031,0.4047695424748588,0.4047695424748588
test,AA2017-T4,2.8,45,AA6061-T651,0.1,2.7,10,0.4,AA6061-T651,2.7,40,3.6,0.3976315176561447,0.45617717446245354,0.3229325581890562,0.3976315176561447,0.3976315176561447
test,AA2017-T4,2.8,45,AA6061-T651,0.1,2.7,10,0.4,AA6061-T651,2.7,40,3.7,0.3908098506110953,0.4479202896731825,0.317392407843437,0.3929231185190177,0.39295406588578696
test,AA2017-T4,2.8,45,AA6061-T651,0.1,2.7,10,0.4,AA6061-T651,2.7,40,3.8000000000000003,0.3842825244055187,0.4400271635553074,0.3120913035393156,0.39538831357531923,0.3955535534951115
test,AA2017-T4,2.8,45,AA6061-T651,0.1,2.7,10,0.4,AA6061-T651,2.7,40,3.9000000000000004,0.37802958219881777,0.4324728152244998,0.31337484666777876,0.3978535086316207,0.398153041104436
test,AA2017-T4,2.8,45,AA6061-T651,0.1,2.7,10,0.4,AA6061-T651,2.7,40,4.0,0.3720328875754368,0.4252345634891761,0.31694351694284334,0.4003187036879222,0.4007525287137605
test,AA2017-T4,2.8,45,AA6061-T651,0.1,2.7,10,0.4,AA6061-T651,2.7,40,4.1,0.36627591794904657,0.4182917640021174,0.32051218721790786,0.40278389874422377,0.403352016323085
test,AA2017-T4,2.8,45,AA6061-T651,0.1,2.7,10,0.4,AA6061-T651,2.7,40,4.2,0.3607435857936855,0.4116255820210981,0.32408085749297244,0.40524909380052526,0.4059515039324095
test,AA2017-T4,2.8,45,AA6061-T651,0.1,2.7,10,0.4,AA6061-T651,2.7,40,4.3,0.36150967409391727,0.40521879523556614,0.32764952776803696,0.4077142888568268,0.40855099154173397
test,AA2017-T4,2.8,45,AA6061-T651,0.1,2.7,10,0.4,AA6061-T651,2.7,40,4.3999999999999995,0.36684487604400257,0.39905562208604056,0.33121819804310154,0.4101794839131283,0.41115047915105846
test,AA2017-T4,2.8,45,AA6061-T651,0.1,2.7,10,0.4,AA6061-T651,2.7,40,4.5,0.3721800779940879,0.39312157178505464,0.3347868683181661,0.41264467896942986,0.413749966760383
test,AA2017-T4,2.8,45,AA6061-T651,0.1,2.7,10,0.4,AA6061-T651,2.7,40,4.6,0.3775152799441732,0.387403312882709,0.33835553859323064,0.41510987402573135,0.4163494543697075
test,AA2017-T4,2.8,45,AA6061-T651,0.1,2.7,10,0.4,AA6061-T651,2.7,40,4.7,0.3828504818942586,0.38188855773675573,0.3419242088682952,0.4175750690820329,0.418948941979032
test,AA2017-T4,2.8,45,AA6061-T651,0.1,2.7,10,0.4,AA6061-T651,2.7,40,4.8,0.3881856838443439,0.37656596067033343,0.3454928791433598,0.4200402641383344,0.4215484295883565
test,AA2017-T4,2.8,45,AA6061-T651,0.1,2.7,10,0.4,AA6061-T651,2.7,40,4.9,0.39352088579442923,0.37142502794855087,0.3490615494184243,0.42250545919463595,0.424147917197681
test,AA2017-T4,2.8,45,AA6061-T651,0.1,2.7,10,0.4,AA6061-T651,2.7,40,5.0,0.39885608774451453,0.3664560379926586,0.3526302196934889,0.42497065425093744,0.4267474048070055
test,AA2017-T4,2.8,45,AA6061-T651,0.1,2.7,10,0.4,AA6061-T651,2.7,40,5.1,0.40419128969459983,0.3674424026557862,0.3561988899685534,0.42743584930723894,0.42934689241633
test,AA2017-T4,2.8,45,AA6061-T651,0.1,2.7,10,0.4,AA6061-T651,2.7,40,5.2,0.4095264916446852,0.3732770261514302,0.359767560243618,0.4299010443635405,0.43194638002565455
test,AA2017-T4,2.8,45,AA6061-T651,0.1,2.7,10,0.4,AA6061-T651,2.7,40,5.3,0.4148616935947705,0.3791116496470742,0.3633362305186826,0.432366239419842,0.43454586763497904
test,AA2017-T4,2.8,45,AA6061-T651,0.1,2.7,10,0.4,AA6061-T651,2.7,40,5.4,0.42019689554485584,0.38494627314271823,0.3669049007937471,0.43483143447614353,0.43714535524430354
test,AA2017-T4,2.8,45,AA6061-T651,0.1,2.7,10,0.4,AA6061-T651,2.7,40,5.5,0.42553209749494114,0.39078089663836224,0.3704735710688117,0.437296629532445,0.439744842853628
test,AA2017-T4,2.8,45,AA6061-T651,0.1,2.7,10,0.4,AA6061-T651,2.7,40,5.6,0.43086729944502644,0.3966155201340062,0.3740422413438762,0.4397618245887466,0.4423443304629525
test,AA2017-T4,2.8,45,AA6061-T651,0.1,2.7,10,0.4,AA6061-T651,2.7,40,5.7,0.43620250139511174,0.4024501436296502,0.3776109116189408,0.44222701964504807,0.44494381807227706
test,AA2017-T4,2.8,45,AA6061-T651,0.1,2.7,10,0.4,AA6061-T651,2.7,40,5.8,0.44153770334519704,0.4082847671252942,0.38117958189400536,0.4446922147013496,0.44754330568160156
test,AA2017-T4,2.8,45,AA6061-T651,0.1,2.7,10,0.4,AA6061-T651,2.7,40,5.9,0.44687290529528245,0.4141193906209382,0.38474825216906994,0.4471574097576511,0.45014279329092605
test,AA2017-T4,2.8,45,AA6061-T651,0.1,2.7,10,0.4,AA6061-T651,2.7,40,6.0,0.45220810724536775,0.4199540141165822,0.38831692244413446,0.44962260481395266,0.45274228090025054
test,AA2017-T4,2.8,45,AA6061-T651,0.1,2.7,10,0.4,AA6061-T651,2.7,40,6.1,0.45754330919545305,0.4257886376122262,0.391885592719199,0.45208779987025416,0.45534176850957503
test,AA2017-T4,2.8,45,AA6061-T651,0.1,2.7,10,0.4,AA6061-T651,2.7,40,6.2,0.46287851114553835,0.4316232611078702,0.39545426299426356,0.4545529949265557,0.4579412561188996
test,AA2017-T4,2.8,45,AA6061-T651,0.1,2.7,10,0.4,AA6061-T651,2.7,40,6.3,0.46821371309562365,0.4374578846035142,0.39902293326932814,0.4570181899828572,0.46054074372822407
test,AA2017-T4,2.8,45,AA6061-T651,0.1,2.7,10,0.4,AA6061-T651,2.7,40,6.4,0.47354891504570906,0.4432925080991582,0.4025916035443927,0.45948338503915875,0.46314023133754856
test,AA2017-T4,2.8,45,AA6061-T651,0.1,2.7,10,0.4,AA6061-T651,2.7,40,6.5,0.47888411699579436,0.44912713159480216,0.40616027381945724,0.46194858009546025,0.46573971894687305
test,AA2017-T4,2.8,45,AA6061-T651,0.1,2.7,10,0.4,AA6061-T651,2.7,40,6.6,0.48421931894587955,0.4549617550904461,0.40972894409452176,0.46441377515176174,0.46833920655619754
test,AA2017-T4,2.8,45,AA6061-T651,0.1,2.7,10,0.4,AA6061-T651,2.7,40,6.7,0.48955452089596496,0.4607963785860902,0.41329761436958634,0.4668789702080633,0.4709386941655221
test,AA2017-T4,2.8,45,AA6061-T651,0.1,2.7,10,0.4,AA6061-T651,2.7,40,6.8,0.49488972284605026,0.46663100208173414,0.4168662846446509,0.46934416526436484,0.4735381817748466
test,AA2017-T4,2.8,45,AA6061-T651,0.1,2.7,10,0.4,AA6061-T651,2.7,40,6.9,0.5002249247961356,0.47246562557737815,0.4204349549197155,0.47180936032066634,0.47613766938417107
test,AA2017-T4,2.8,45,AA6061-T651,0.1,2.7,10,0.4,AA6061-T651,2.7,40,7.0,0.5055601267462209,0.47830024907302215,0.42400362519478,0.47427455537696783,0.4787371569934956
test,AA2017-T4,2.8,45,AA6061-T651,0.1,2.7,10,0.4,AA6061-T651,2.7,40,7.1,0.5108953286963062,0.4841348725686661,0.42757229546984454,0.4767397504332694,0.4813366446028201
test,AA2017-T4,2.8,45,AA6061-T651,0.1,2.7,10,0.4,AA6061-T651,2.7,40,7.2,0.5162305306463916,0.4899694960643102,0.4311409657449091,0.47920494548957093,0.4839361322121446
test,AA2017-T4,2.8,45,AA6061-T651,0.1,2.7,10,0.4,AA6061-T651,2.7,40,7.3,0.5215657325964769,0.4958041195599541,0.4347096360199737,0.4816701405458724,0.4865356198214691
test,AA2017-T4,2.8,45,AA6061-T651,0.1,2.7,10,0.4,AA6061-T651,2.7,40,7.4,0.5269009345465622,0.5016387430555982,0.4382783062950383,0.4841353356021739,0.4891351074307936
test,AA2017-T4,2.8,45,AA6061-T651,0.1,2.7,10,0.4,AA6061-T651,2.7,40,7.5,0.5322361364966475,0.5074733665512421,0.4418469765701028,0.48660053065847547,0.49173459504011807
test,AA2017-T4,2.8,45,AA6061-T651,0.1,2.7,10,0.4,AA6061-T651,2.7,40,7.6,0.5375713384467328,0.5133079900468861,0.4454156468451673,0.48906572571477697,0.49433408264944256
test,AA2017-T4,2.8,45,AA6061-T651,0.1,2.7,10,0.4,AA6061-T651,2.7,40,7.7,0.5429065403968182,0.5191426135425301,0.4489843171202319,0.4915309207710785,0.4969335702587671
test,AA2017-T4,2.8,45,AA6061-T651,0.1,2.7,10,0.4,AA6061-T651,2.7,40,7.8,0.5482417423469035,0.5249772370381741,0.4525529873952965,0.49399611582738,0.4995330578680916
test,AA2017-T4,2.8,45,AA6061-T651,0.1,2.7,10,0.4,AA6061-T651,2.7,40,7.9,0.5535769442969888,0.5308118605338181,0.45612165767036106,0.49646131088368156,0.5021325454774161
test,AA2017-T4,2.8,45,AA6061-T651,0.1,2.7,10,0.4,AA6061-T651,2.7,40,8.0,0.5589121462470741,0.5366464840294621,0.4596903279454256,0.49892650593998306,0.5047320330867406
test,AA2017-T4,2.8,45,AA6061-T651,0.1,2.7,10,0.4,AA6061-T651,2.7,40,8.1,0.5642473481971594,0.5424811075251061,0.4632589982204901,0.5013917009962846,0.5073315206960651
test,AA2017-T4,2.8,45,AA6061-T651,0.1,2.7,10,0.4,AA6061-T651,2.7,40,8.2,0.5695825501472447,0.54831573102075,0.4668276684955547,0.5038568960525861,0.5099310083053896
test,AA2017-T4,2.8,45,AA6061-T651,0.1,2.7,10,0.4,AA6061-T651,2.7,40,8.3,0.5749177520973301,0.5541503545163942,0.47039633877061926,0.5063220911088876,0.5125304959147141
test,AA2017-T4,2.8,45,AA6061-T651,0.1,2.7,10,0.4,AA6061-T651,2.7,40,8.4,0.5802529540474154,0.5599849780120381,0.47396500904568384,0.5087872861651892,0.5151299835240386
test,AA2017-T4,2.8,45,AA6061-T651,0.1,2.7,10,0.4,AA6061-T651,2.7,40,8.5,0.5855881559975007,0.5658196015076821,0.47753367932074836,0.5112524812214907,0.5177294711333631
test,AA2017-T4,2.8,45,AA6061-T651,0.1,2.7,10,0.4,AA6061-T651,2.7,40,8.6,0.590923357947586,0.5716542250033261,0.4811023495958129,0.5137176762777922,0.5203289587426876
test,AA2017-T4,2.8,45,AA6061-T651,0.1,2.7,10,0.4,AA6061-T651,2.7,40,8.7,0.5962585598976713,0.57748884849897,0.48467101987087746,0.5161828713340937,0.5229284463520121
test,AA2017-T4,2.8,45,AA6061-T651,0.1,2.7,10,0.4,AA6061-T651,2.7,40,8.8,0.6015937618477567,0.5833234719946141,0.48823969014594204,0.5186480663903952,0.5255279339613367
test,AA2017-T4,2.8,45,AA6061-T651,0.1,2.7,10,0.4,AA6061-T651,2.7,40,8.9,0.606928963797842,0.5891580954902581,0.4918083604210066,0.5211132614466968,0.5281274215706612
test,AA2017-T4,2.8,45,AA6061-T651,0.1,2.7,10,0.4,AA6061-T651,2.7,40,9.0,0.6122641657479273,0.5949927189859021,0.49537703069607114,0.5235784565029983,0.5307269091799857
test,AA2017-T4,2.8,45,AA6061-T651,0.1,2.7,10,0.4,AA6061-T651,2.7,40,9.1,0.6175993676980126,0.600827342481546,0.49894570097113566,0.5260436515592998,0.5333263967893102
test,AA2017-T4,2.8,45,AA6061-T651,0.1,2.7,10,0.4,AA6061-T651,2.7,40,9.2,0.6229345696480979,0.60666196597719,0.5025143712462002,0.5285088466156013,0.5359258843986346
test,AA2017-T4,2.8,45,AA6061-T651,0.1,2.7,10,0.4,AA6061-T651,2.7,40,9.3,0.6282697715981833,0.612496589472834,0.5060830415212648,0.5309740416719029,0.5385253720079591
test,AA2017-T4,2.8,45,AA6061-T651,0.1,2.7,10,0.4,AA6061-T651,2.7,40,9.4,0.6336049735482686,0.6183312129684781,0.5096517117963294,0.5334392367282044,0.5411248596172837
test,AA2017-T4,2.8,45,AA6061-T651,0.1,2.7,10,0.4,AA6061-T651,2.7,40,9.5,0.6389401754983539,0.624165836464122,0.5132203820713939,0.5359044317845059,0.5437243472266082
test,AA2017-T4,2.8,45,AA6061-T651,0.1,2.7,10,0.4,AA6061-T651,2.7,40,9.6,0.6442753774484391,0.630000459959766,0.5167890523464584,0.5383696268408074,0.5463238348359327
test,AA2017-T4,2.8,45,AA6061-T651,0.1,2.7,10,0.4,AA6061-T651,2.7,40,9.700000000000001,0.6496105793985246,0.6358350834554101,0.520357722621523,0.540834821897109,0.5489233224452572
test,AA2017-T4,2.8,45,AA6061-T651,0.1,2.7,10,0.4,AA6061-T651,2.7,40,9.8,0.6549457813486099,0.6416697069510541,0.5239263928965876,0.5433000169534105,0.5515228100545817
test,AA2017-T4,2.8,45,AA6061-T651,0.1,2.7,10,0.4,AA6061-T651,2.7,40,9.9,0.6602315810542485,0.6474528404431295,0.5274685339966007,0.5457425662337468,0.5541004090800127
test,AA2017-T4,2.8,45,AA6061-T651,0.1,2.7,10,0.4,AA6061-T651,2.7,40,10.0,0.6558226684786013,0.6431292620923179,0.5257954006411576,0.5437387010721229,0.5523750474514192
test,AA2017-T4,2.8,45,AA6061-T651,0.1,2.7,10,0.4,AA6061-T651,2.7,40,10.1,0.6514866310263532,0.6388771483714883,0.5241436141082594,0.541763489333019,0.5506671567228687
test,AA2017-T4,2.8,45,AA6061-T651,0.1,2.7,10,0.4,AA6061-T651,2.7,40,10.200000000000001,0.6472215603283071,0.634694627847809,0.5225128262045018,0.5398160844580193,0.548976155189012
test,AA2017-T4,2.8,45,AA6061-T651,0.1,2.7,10,0.4,AA6061-T651,2.7,40,10.3,0.6430256160616944,0.6305798958178421,0.5209026611010108,0.5378956700492541,0.5473015034350214
test,AA2017-T4,2.8,45,AA6061-T651,0.1,2.7,10,0.4,AA6061-T651,2.7,40,10.4,0.6388970228918629,0.6265312113084262,0.5193127209836792,0.5360014592516119,0.5456427012527006
test,AA2017-T4,2.8,45,AA6061-T651,0.1,2.7,10,0.4,AA6061-T651,2.7,40,10.5,0.6348340675792816,0.6225468942396732,0.517742591352234,0.5341326939797048,0.543999284638206
test,AA2017-T4,2.8,45,AA6061-T651,0.1,2.7,10,0.4,AA6061-T651,2.7,40,10.6,0.6308350962414492,0.6186253227398731,0.5165247329363297,0.5322886440556182,0.5423708221825703
test,AA2017-T4,2.8,45,AA6061-T651,0.1,2.7,10,0.4,AA6061-T651,2.7,40,10.700000000000001,0.626898511760038,0.6147649306028229,0.514937517826269,0.5304686064445356,0.5407569114345903
test,AA2017-T4,2.8,45,AA6061-T651,0.1,2.7,10,0.4,AA6061-T651,2.7,40,10.8,0.6230227713242966,0.610964204878776,0.5133770411664742,0.5286719042387364,0.5391571750132913
test,AA2017-T4,2.8,45,AA6061-T651,0.1,2.7,10,0.4,AA6061-T651,2.7,40,10.9,0.6192063841023625,0.6072216835908265,0.5118418069227818,0.5268978858537195,0.5375712571368364
test,AA2017-T4,2.8,45,AA6061-T651,0.1,2.7,10,0.4,AA6061-T651,2.7,40,11.0,0.6154479090327212,0.6035359535691146,0.5103304301110392,0.5251459240069685,0.5359988197941551
test,AA2017-T4,2.8,45,AA6061-T651,0.1,2.7,10,0.4,AA6061-T651,2.7,40,11.1,0.6117459527285856,0.5999056483957667,0.5088416311469421,0.5234154146694607,0.5344395395963739
test,AA2017-T4,2.8,45,AA6061-T651,0.1,2.7,10,0.4,AA6061-T651,2.7,40,11.200000000000001,0.6080991674884623,0.5963294464539667,0.5073742299501331,0.5217057761024526,0.533201683346739
test,AA2017-T4,2.8,45,AA6061-T651,0.1,2.7,10,0.4,AA6061-T651,2.7,40,11.3,0.6045062494066336,0.5928060690750097,0.5059271395729386,0.5204007477422506,0.5316043350712175
test,AA2017-T4,2.8,45,AA6061-T651,0.1,2.7,10,0.4,AA6061-T651,2.7,40,11.4,0.6009659365776997,0.5893342787775957,0.5044993596630302,0.518691070506507,0.5300265125007173
test,AA2017-T4,2.8,45,AA6061-T651,0.1,2.7,10,0.4,AA6061-T651,2.7,40,11.5,0.5974770073897244,0.5859128775940102,0.5030899703643492,0.5170021820886617,0.5284677325362344
test,AA2017-T4,2.8,45,AA6061-T651,0.1,2.7,10,0.4,AA6061-T651,2.7,40,11.6,0.5940382789008815,0.5825407054781915,0.501450597518158,0.5153337910903995,0.5269274445912683
test,AA2017-T4,2.8,45,AA6061-T651,0.1,2.7,10,0.4,AA6061-T651,2.7,40,11.700000000000001,0.5906486052948381,0.5792166387910095,0.4999638637470819,0.513685591644871,0.5254050379757408
test,AA2017-T4,2.8,45,AA6061-T651,0.1,2.7,10,0.4,AA6061-T651,2.7,40,11.8,0.587306876410423,0.5759395888583926,0.4989462001936199,0.5120572641367206,0.5238998505789776
test,AA2017-T4,2.8,45,AA6061-T651,0.1,2.7,10,0.4,AA6061-T651,2.7,40,11.9,0.5840120163414056,0.5727085005982073,0.49760832875749794,0.5104484729089934,0.5224111785383113
test,AA2017-T4,2.8,45,AA6061-T651,0.1,2.7,10,0.4,AA6061-T651,2.7,40,12.0,0.5807629821024936,0.5695223512120758,0.496283361159135,0.508858866595138,0.5209382846141651
test,AA2017-T4,2.8,45,AA6061-T651,0.1,2.7,10,0.4,AA6061-T651,2.7,40,12.1,0.5775587623578884,0.5663801489385403,0.49497122170481883,0.5072880787124032,0.5194804081148251
test,AA2017-T4,2.8,45,AA6061-T651,0.1,2.7,10,0.4,AA6061-T651,2.7,40,12.200000000000001,0.5743983762089802,0.5632809318642217,0.49367179976898923,0.5057357269642768,0.5180367731665912
test,AA2017-T4,2.8,45,AA6061-T651,0.1,2.7,10,0.4,AA6061-T651,2.7,40,12.3,0.5712808720379703,0.5602237667898236,0.49238494649263975,0.5042014139354201,0.5166065981586623
test,AA2017-T4,2.8,45,AA6061-T651,0.1,2.7,10,0.4,AA6061-T651,2.7,40,12.4,0.56820532640441,0.5572077481480291,0.49111047370698696,0.5026847289818511,0.515189103472177
test,AA2017-T4,2.8,45,AA6061-T651,0.1,2.7,10,0.4,AA6061-T651,2.7,40,12.5,0.5651708429918313,0.5542319969705188,0.4896289823115561,0.5011852477975235,0.5137835193443234
test,AA2017-T4,2.8,45,AA6061-T651,0.1,2.7,10,0.4,AA6061-T651,2.7,40,12.6,0.5621765516018137,0.5512956599015079,0.4884270021708044,0.4997025351092544,0.5123890927797308
test,AA2017-T4,2.8,45,AA6061-T651,0.1,2.7,10,0.4,AA6061-T651,2.7,40,12.700000000000001,0.5592216071929959,0.5483979082553572,0.48723230317236993,0.4982361451066986,0.5110050936437363
test,AA2017-T4,2.8,45,AA6061-T651,0.1,2.7,10,0.4,AA6061-T651,2.7,40,12.8,0.5563051889626863,0.5455379371159594,0.48604446598497353,0.4967856241291078,0.5096308200408962
test,AA2017-T4,2.8,45,AA6061-T651,0.1,2.7,10,0.4,AA6061-T651,2.7,40,12.9,0.5534264994688686,0.5427149644757383,0.4851552669461502,0.4953505115532561,0.508265602699634
test,AA2017-T4,2.8,45,AA6061-T651,0.1,2.7,10,0.4,AA6061-T651,2.7,40,13.0,0.5505847637905296,0.5399282304122279,0.48380937612489966,0.49393034207234177,0.5072148350824539
test,AA2017-T4,2.8,45,AA6061-T651,0.1,2.7,10,0.4,AA6061-T651,2.7,40,13.1,0.5477792287243543,0.537176996300316,0.4824781358943513,0.49252464775865823,0.5056816136316944
test,AA2017-T4,2.8,45,AA6061-T651,0.1,2.7,10,0.4,AA6061-T651,2.7,40,13.200000000000001,0.545009162015951,0.5344605440583484,0.48116191951551046,0.49113295981322225,0.5041737282351976
test,AA2017-T4,2.8,45,AA6061-T651,0.1,2.7,10,0.4,AA6061-T651,2.7,40,13.3,0.5422738516238726,0.5317781754263953,0.47986102728071484,0.48975481045752955,0.502690246581149
test,AA2017-T4,2.8,45,AA6061-T651,0.1,2.7,10,0.4,AA6061-T651,2.7,40,13.4,0.5395726050147998,0.5291292112750758,0.4790466632784926,0.48838973510091044,0.5012301989423831
test,AA2017-T4,2.8,45,AA6061-T651,0.1,2.7,10,0.4,AA6061-T651,2.7,40,13.5,0.5369047484883465,0.5265129909434328,0.47790054054393627,0.4870372740040087,0.5002317868118392
test,AA2017-T4,2.8,45,AA6061-T651,0.1,2.7,10,0.4,AA6061-T651,2.7,40,13.6,0.5342696265300337,0.5239288716044286,0.476760032499926,0.48569697411494256,0.49891445990185235
test,AA2017-T4,2.8,45,AA6061-T651,0.1,2.7,10,0.4,AA6061-T651,2.7,40,13.700000000000001,0.5316666011910581,0.5213762276567185,0.4756251442634934,0.4843683906468005,0.49760223704295786
test,AA2017-T4,2.8,45,AA6061-T651,0.1,2.7,10,0.4,AA6061-T651,2.7,40,13.8,0.5290950514935608,0.5188544501414311,0.47449589734717557,0.4830510886894386,0.49629479483438266
test,AA2017-T4,2.8,45,AA6061-T651,0.1,2.7,10,0.4,AA6061-T651,2.7,40,13.9,0.5265543728601695,0.5163629461827508,0.473372325140895,0.4820196655504677,0.4949918408167547
test,AA2017-T4,2.8,45,AA6061-T651,0.1,2.7,10,0.4,AA6061-T651,2.7,40,14.0,0.5240439765666608,0.5139011384511746,0.4722544683336762,0.48058793021748625,0.4936931102718477
test,AA2017-T4,2.8,45,AA6061-T651,0.1,2.7,10,0.4,AA6061-T651,2.7,40,14.1,0.5215632892166441,0.5114684646483628,0.4711423714135294,0.4791762291205136,0.4923983626261082
test,AA2017-T4,2.8,45,AA6061-T651,0.1,2.7,10,0.4,AA6061-T651,2.7,40,14.200000000000001,0.5191117522372339,0.5090643770125731,0.47003607902197664,0.47778410547536665,0.491107377951673
test,AA2017-T4,2.8,45,AA6061-T651,0.1,2.7,10,0.4,AA6061-T651,2.7,40,14.3,0.5166888213947314,0.5066883418437151,0.4689356327927466,0.476411079926625,0.4898199530091627
test,AA2017-T4,2.8,45,AA6061-T651,0.1,2.7,10,0.4,AA6061-T651,2.7,40,14.4,0.5142939663293851,0.5043398390471174,0.46784106880777365,0.4750566532416768,0.48853589778040696
test,AA2017-T4,2.8,45,AA6061-T651,0.1,2.7,10,0.4,AA6061-T651,2.7,40,14.5,0.5119266701083576,0.5020183616951448,0.46675241519158694,0.4737203074382204,0.4872550315794697
test,AA2017-T4,2.8,45,AA6061-T651,0.1,2.7,10,0.4,AA6061-T651,2.7,40,14.6,0.5095864287960599,0.49972341560584976,0.4656696900544608,0.47287076456679655,0.4859771796234504
test,AA2017-T4,2.8,45,AA6061-T651,0.1,2.7,10,0.4,AA6061-T651,2.7,40,14.700000000000001,0.507272751041069,0.4974545189378852,0.46459289972492673,0.47163757293948305,0.484702169588227
test,AA2017-T4,2.8,45,AA6061-T651,0.1,2.7,10,0.4,AA6061-T651,2.7,40,14.8,0.5049851576788802,0.4952112018009452,0.4635220376270898,0.47041206188921075,0.4834298284405265
test,AA2017-T4,2.8,45,AA6061-T651,0.1,2.7,10,0.4,AA6061-T651,2.7,40,14.9,0.5027231813497833,0.49299300588103734,0.4624570828599262,0.4691939538000753,0.4821599794054872
test,AA2017-T4,2.8,45,AA6061-T651,0.1,2.7,10,0.4,AA6061-T651,2.7,40,15.0,0.5004863661311914,0.4907994840799273,0.4613979994801661,0.46798298493420976,0.4808924390891149
